condition,trial_index_1based,trigger_label,source,mixture,role_if_attended,band,status,source_n,mixture_n,stored_masked_n,stored_overt_n,align_status,max_abs_error_masked,max_abs_error_overt,max_abs_error_reconstruction,negative_masked_count,negative_overt_count,masked_exceeds_source_count,overt_exceeds_mix_count,overt_exceeds_source_count,masked_key,overt_key
binaural,2,trigger1,male_2,List_1_stim_2,attend,100-310,failed_numeric_check,31534,31535,31535,31535,source_padded_1,1.9026833584234737e-06,1.8898268194789125e-06,2.6888892037391088e-06,0,0,1577,4828,2943,List_1_stim_2/male_2/freq_bins/100-310,List_1_stim_2/male_2/freq_bins/100-310
binaural,2,trigger1,male_2,List_1_stim_2,attend,328-684,failed_numeric_check,31534,31535,31535,31535,source_padded_1,1.8536542540914525e-06,1.9010345297942877e-06,2.34506961049874e-06,0,0,1511,4764,3121,List_1_stim_2/male_2/freq_bins/328-684,List_1_stim_2/male_2/freq_bins/328-684
binaural,2,trigger1,male_2,List_1_stim_2,attend,715-1317,failed_numeric_check,31534,31535,31535,31535,source_padded_1,1.8752266797150696e-06,1.9041114285300864e-06,2.2007746949270768e-06,0,0,1463,4800,3557,List_1_stim_2/male_2/freq_bins/715-1317,List_1_stim_2/male_2/freq_bins/715-1317
binaural,2,trigger1,male_2,List_1_stim_2,attend,1369-2390,failed_numeric_check,31534,31535,31535,31535,source_padded_1,1.904862891421999e-06,1.8982028677783092e-06,2.339284542074438e-06,0,0,1470,5086,3367,List_1_stim_2/male_2/freq_bins/1369-2390,List_1_stim_2/male_2/freq_bins/1369-2390
binaural,2,trigger1,male_2,List_1_stim_2,attend,2478-4207,failed_numeric_check,31534,31535,31535,31535,source_padded_1,1.9026794859655638e-06,1.8965309394047836e-06,2.1110002847990472e-06,0,0,1649,5274,2801,List_1_stim_2/male_2/freq_bins/2478-4207,List_1_stim_2/male_2/freq_bins/2478-4207
binaural,2,trigger1,male_2,List_1_stim_2,attend,4356-7285,failed_numeric_check,31534,31535,31535,31535,source_padded_1,3.7577507754349426e-06,1.9020998465180128e-06,3.706889899035559e-06,0,0,1934,4625,2986,List_1_stim_2/male_2/freq_bins/4356-7285,List_1_stim_2/male_2/freq_bins/4356-7285
binaural,2,trigger1,male_2,List_1_stim_2,attend,7537-12498,failed_numeric_check,31534,31535,31535,31535,source_padded_1,1.8979635498794778e-06,1.9041709364842063e-06,2.4619880036880204e-06,0,0,1589,5017,2976,List_1_stim_2/male_2/freq_bins/7537-12498,List_1_stim_2/male_2/freq_bins/7537-12498
binaural,2,trigger1,male_2,List_1_stim_2,attend,12924-21328,failed_numeric_check,31534,31535,31535,31535,source_padded_1,1.340317069775665e-06,1.882142953490984e-06,2.2976076223812925e-06,0,0,1200,5372,3122,List_1_stim_2/male_2/freq_bins/12924-21328,List_1_stim_2/male_2/freq_bins/12924-21328
binaural,2,trigger1,female_2,List_1_stim_2,ignore,100-310,failed_numeric_check,32231,31535,31535,31535,source_truncated_696,1.903236515943263e-06,1.9052030566513167e-06,2.0982632875643503e-06,0,0,1537,5595,2598,List_1_stim_2/female_2/freq_bins/100-310,List_1_stim_2/female_2/freq_bins/100-310
binaural,2,trigger1,female_2,List_1_stim_2,ignore,328-684,failed_numeric_check,32231,31535,31535,31535,source_truncated_696,1.90322805337928e-06,1.894260634571765e-06,2.028913847595959e-06,0,0,1574,5450,2878,List_1_stim_2/female_2/freq_bins/328-684,List_1_stim_2/female_2/freq_bins/328-684
binaural,2,trigger1,female_2,List_1_stim_2,ignore,715-1317,failed_numeric_check,32231,31535,31535,31535,source_truncated_696,1.8963039920549818e-06,1.9027925119985412e-06,2.306630925374975e-06,0,0,1673,5082,3150,List_1_stim_2/female_2/freq_bins/715-1317,List_1_stim_2/female_2/freq_bins/715-1317
binaural,2,trigger1,female_2,List_1_stim_2,ignore,1369-2390,failed_numeric_check,32231,31535,31535,31535,source_truncated_696,1.9050158925892902e-06,1.9049552975047845e-06,2.390627031445547e-06,0,0,1702,5111,2973,List_1_stim_2/female_2/freq_bins/1369-2390,List_1_stim_2/female_2/freq_bins/1369-2390
binaural,2,trigger1,female_2,List_1_stim_2,ignore,2478-4207,failed_numeric_check,32231,31535,31535,31535,source_truncated_696,1.9000696127591254e-06,1.8785528794751372e-06,2.54090011964081e-06,0,0,1740,5414,2575,List_1_stim_2/female_2/freq_bins/2478-4207,List_1_stim_2/female_2/freq_bins/2478-4207
binaural,2,trigger1,female_2,List_1_stim_2,ignore,4356-7285,failed_numeric_check,32231,31535,31535,31535,source_truncated_696,2.697695975939496e-06,1.9038303520346744e-06,2.740353480135127e-06,0,0,1478,5430,2551,List_1_stim_2/female_2/freq_bins/4356-7285,List_1_stim_2/female_2/freq_bins/4356-7285
binaural,2,trigger1,female_2,List_1_stim_2,ignore,7537-12498,failed_numeric_check,32231,31535,31535,31535,source_truncated_696,1.906446748023427e-06,1.9072645329742954e-06,2.211350611958096e-06,0,0,1483,5280,3052,List_1_stim_2/female_2/freq_bins/7537-12498,List_1_stim_2/female_2/freq_bins/7537-12498
binaural,2,trigger1,female_2,List_1_stim_2,ignore,12924-21328,failed_numeric_check,32231,31535,31535,31535,source_truncated_696,1.879286585904083e-06,1.8559852321686776e-06,1.9074416712783204e-06,0,0,2260,4296,3232,List_1_stim_2/female_2/freq_bins/12924-21328,List_1_stim_2/female_2/freq_bins/12924-21328
binaural,2,trigger2,female_2,List_2_stim_2,attend,100-310,failed_numeric_check,32231,32233,32233,32233,source_padded_2,1.9073244033052106e-06,1.8407393298502939e-06,2.41966901626256e-06,0,0,1572,5404,2932,List_2_stim_2/female_2/freq_bins/100-310,List_2_stim_2/female_2/freq_bins/100-310
binaural,2,trigger2,female_2,List_2_stim_2,attend,328-684,failed_numeric_check,32231,32233,32233,32233,source_padded_2,1.8860987438529264e-06,1.8783604858185754e-06,2.040344632803226e-06,0,0,1585,5414,3231,List_2_stim_2/female_2/freq_bins/328-684,List_2_stim_2/female_2/freq_bins/328-684
binaural,2,trigger2,female_2,List_2_stim_2,attend,715-1317,failed_numeric_check,32231,32233,32233,32233,source_padded_2,1.88471077677832e-06,1.9002273745627463e-06,2.23860322279279e-06,0,0,1704,5049,3484,List_2_stim_2/female_2/freq_bins/715-1317,List_2_stim_2/female_2/freq_bins/715-1317
binaural,2,trigger2,female_2,List_2_stim_2,attend,1369-2390,failed_numeric_check,32231,32233,32233,32233,source_padded_2,1.9050158925892902e-06,1.8798460104108017e-06,2.2884591359684237e-06,0,0,1690,5118,3224,List_2_stim_2/female_2/freq_bins/1369-2390,List_2_stim_2/female_2/freq_bins/1369-2390
binaural,2,trigger2,female_2,List_2_stim_2,attend,2478-4207,failed_numeric_check,32231,32233,32233,32233,source_padded_2,1.9009018714655213e-06,1.903524349700092e-06,2.7466611527415807e-06,0,0,1730,5281,2849,List_2_stim_2/female_2/freq_bins/2478-4207,List_2_stim_2/female_2/freq_bins/2478-4207
binaural,2,trigger2,female_2,List_2_stim_2,attend,4356-7285,failed_numeric_check,32231,32233,32233,32233,source_padded_2,2.573332650968041e-06,1.9010793863571962e-06,2.7269901181625755e-06,0,0,1523,5125,3056,List_2_stim_2/female_2/freq_bins/4356-7285,List_2_stim_2/female_2/freq_bins/4356-7285
binaural,2,trigger2,female_2,List_2_stim_2,attend,7537-12498,failed_numeric_check,32231,32233,32233,32233,source_padded_2,1.906544724761261e-06,1.8911139534338872e-06,2.21813655087999e-06,0,0,1559,5101,3443,List_2_stim_2/female_2/freq_bins/7537-12498,List_2_stim_2/female_2/freq_bins/7537-12498
binaural,2,trigger2,female_2,List_2_stim_2,attend,12924-21328,failed_numeric_check,32231,32233,32233,32233,source_padded_2,1.9043274406271848e-06,1.6980415793454995e-06,2.088974333958049e-06,0,0,2316,4311,3369,List_2_stim_2/female_2/freq_bins/12924-21328,List_2_stim_2/female_2/freq_bins/12924-21328
binaural,2,trigger2,male_2,List_2_stim_2,ignore,100-310,failed_numeric_check,31534,32233,32233,32233,source_padded_699,1.866522922000513e-06,1.8980378158062194e-06,2.1467107700345878e-06,0,0,1516,5051,2793,List_2_stim_2/male_2/freq_bins/100-310,List_2_stim_2/male_2/freq_bins/100-310
binaural,2,trigger2,male_2,List_2_stim_2,ignore,328-684,failed_numeric_check,31534,32233,32233,32233,source_padded_699,1.8978643012701468e-06,1.8786784039548365e-06,2.6860388544491798e-06,0,0,1446,5136,3002,List_2_stim_2/male_2/freq_bins/328-684,List_2_stim_2/male_2/freq_bins/328-684
binaural,2,trigger2,male_2,List_2_stim_2,ignore,715-1317,failed_numeric_check,31534,32233,32233,32233,source_padded_699,1.8986328811365638e-06,1.9040429251049318e-06,2.6667624268839063e-06,0,0,1372,5071,3527,List_2_stim_2/male_2/freq_bins/715-1317,List_2_stim_2/male_2/freq_bins/715-1317
binaural,2,trigger2,male_2,List_2_stim_2,ignore,1369-2390,failed_numeric_check,31534,32233,32233,32233,source_padded_699,1.9066749814555806e-06,1.8971315398630395e-06,2.2202573575214046e-06,0,0,1374,5275,3229,List_2_stim_2/male_2/freq_bins/1369-2390,List_2_stim_2/male_2/freq_bins/1369-2390
binaural,2,trigger2,male_2,List_2_stim_2,ignore,2478-4207,failed_numeric_check,31534,32233,32233,32233,source_padded_699,1.897842089704227e-06,1.906060816736499e-06,2.3979473837698606e-06,0,0,1557,5634,2606,List_2_stim_2/male_2/freq_bins/2478-4207,List_2_stim_2/male_2/freq_bins/2478-4207
binaural,2,trigger2,male_2,List_2_stim_2,ignore,4356-7285,failed_numeric_check,31534,32233,32233,32233,source_padded_699,2.3219783997774357e-06,1.9057510201037076e-06,2.5183669691841715e-06,0,0,1873,4794,2934,List_2_stim_2/male_2/freq_bins/4356-7285,List_2_stim_2/male_2/freq_bins/4356-7285
binaural,2,trigger2,male_2,List_2_stim_2,ignore,7537-12498,failed_numeric_check,31534,32233,32233,32233,source_padded_699,1.8998295203687121e-06,1.902446101098576e-06,2.4870566193158083e-06,0,0,1538,5140,2906,List_2_stim_2/male_2/freq_bins/7537-12498,List_2_stim_2/male_2/freq_bins/7537-12498
binaural,2,trigger2,male_2,List_2_stim_2,ignore,12924-21328,failed_numeric_check,31534,32233,32233,32233,source_padded_699,1.8917367157200715e-06,1.8913421087063398e-06,2.1379967236612174e-06,0,0,1193,5627,3036,List_2_stim_2/male_2/freq_bins/12924-21328,List_2_stim_2/male_2/freq_bins/12924-21328
dichotic,3,trigger1,male_3,List_1_stim_3,attend,100-310,failed_numeric_check,31478,31478,31478,31478,same_length,1.9041626586613347e-06,1.8939643453563804e-06,2.608179308083436e-06,0,0,1375,5561,2358,List_1_stim_3/male_3/freq_bins/100-310,List_1_stim_3/male_3/freq_bins/100-310
dichotic,3,trigger1,male_3,List_1_stim_3,attend,328-684,failed_numeric_check,31478,31478,31478,31478,same_length,1.897636380476797e-06,1.8825056287141706e-06,2.811045902717524e-06,0,0,1323,5558,2655,List_1_stim_3/male_3/freq_bins/328-684,List_1_stim_3/male_3/freq_bins/328-684
dichotic,3,trigger1,male_3,List_1_stim_3,attend,715-1317,failed_numeric_check,31478,31478,31478,31478,same_length,1.8814886431073319e-06,1.8981830791631182e-06,2.57140563064695e-06,0,0,1362,5827,2711,List_1_stim_3/male_3/freq_bins/715-1317,List_1_stim_3/male_3/freq_bins/715-1317
dichotic,3,trigger1,male_3,List_1_stim_3,attend,1369-2390,failed_numeric_check,31478,31478,31478,31478,same_length,1.900470195437265e-06,1.8985706091712018e-06,2.803920708061014e-06,0,0,1441,5743,2773,List_1_stim_3/male_3/freq_bins/1369-2390,List_1_stim_3/male_3/freq_bins/1369-2390
dichotic,3,trigger1,male_3,List_1_stim_3,attend,2478-4207,failed_numeric_check,31478,31478,31478,31478,same_length,1.9015832535274058e-06,1.8946014463949723e-06,2.171168596021289e-06,0,0,1474,5561,2811,List_1_stim_3/male_3/freq_bins/2478-4207,List_1_stim_3/male_3/freq_bins/2478-4207
dichotic,3,trigger1,male_3,List_1_stim_3,attend,4356-7285,failed_numeric_check,31478,31478,31478,31478,same_length,2.1210139919958237e-06,1.8976587767838282e-06,2.5760966195775836e-06,0,0,1681,4985,2988,List_1_stim_3/male_3/freq_bins/4356-7285,List_1_stim_3/male_3/freq_bins/4356-7285
dichotic,3,trigger1,male_3,List_1_stim_3,attend,7537-12498,failed_numeric_check,31478,31478,31478,31478,same_length,1.905532521107034e-06,1.9012060192835634e-06,2.6252012972349803e-06,0,0,1484,5126,2891,List_1_stim_3/male_3/freq_bins/7537-12498,List_1_stim_3/male_3/freq_bins/7537-12498
dichotic,3,trigger1,male_3,List_1_stim_3,attend,12924-21328,failed_numeric_check,31478,31478,31478,31478,same_length,1.534967680072441e-06,1.9039493892591963e-06,2.066745352635735e-06,0,0,990,5729,3092,List_1_stim_3/male_3/freq_bins/12924-21328,List_1_stim_3/male_3/freq_bins/12924-21328
dichotic,3,trigger1,female_3,List_1_stim_3,ignore,100-310,failed_numeric_check,30723,31478,31478,31478,source_padded_755,1.768453316230989e-06,1.8719484700113753e-06,2.266763289071605e-06,0,0,1633,4866,2810,List_1_stim_3/female_3/freq_bins/100-310,List_1_stim_3/female_3/freq_bins/100-310
dichotic,3,trigger1,female_3,List_1_stim_3,ignore,328-684,failed_numeric_check,30723,31478,31478,31478,source_padded_755,1.8918831941050485e-06,1.8971917654653225e-06,2.0675216489962622e-06,0,0,1539,5150,3055,List_1_stim_3/female_3/freq_bins/328-684,List_1_stim_3/female_3/freq_bins/328-684
dichotic,3,trigger1,female_3,List_1_stim_3,ignore,715-1317,failed_numeric_check,30723,31478,31478,31478,source_padded_755,1.898577131953516e-06,1.8848696399231812e-06,2.4649825149936078e-06,0,0,1646,4983,3173,List_1_stim_3/female_3/freq_bins/715-1317,List_1_stim_3/female_3/freq_bins/715-1317
dichotic,3,trigger1,female_3,List_1_stim_3,ignore,1369-2390,failed_numeric_check,30723,31478,31478,31478,source_padded_755,1.906376624560835e-06,1.903458638707889e-06,2.5262597134201314e-06,0,0,1752,4704,3181,List_1_stim_3/female_3/freq_bins/1369-2390,List_1_stim_3/female_3/freq_bins/1369-2390
dichotic,3,trigger1,female_3,List_1_stim_3,ignore,2478-4207,failed_numeric_check,30723,31478,31478,31478,source_padded_755,1.9028512951990706e-06,1.8946014463949723e-06,2.5136917258805624e-06,0,0,1812,4499,3288,List_1_stim_3/female_3/freq_bins/2478-4207,List_1_stim_3/female_3/freq_bins/2478-4207
dichotic,3,trigger1,female_3,List_1_stim_3,ignore,4356-7285,failed_numeric_check,30723,31478,31478,31478,source_padded_755,1.9060396425629733e-06,1.90732792759718e-06,2.6019350514161488e-06,0,0,1577,4360,3588,List_1_stim_3/female_3/freq_bins/4356-7285,List_1_stim_3/female_3/freq_bins/4356-7285
dichotic,3,trigger1,female_3,List_1_stim_3,ignore,7537-12498,failed_numeric_check,30723,31478,31478,31478,source_padded_755,1.906509652371824e-06,1.9018456143271578e-06,2.43896744933636e-06,0,0,1628,4319,3703,List_1_stim_3/female_3/freq_bins/7537-12498,List_1_stim_3/female_3/freq_bins/7537-12498
dichotic,3,trigger1,female_3,List_1_stim_3,ignore,12924-21328,failed_numeric_check,30723,31478,31478,31478,source_padded_755,1.8967452390938888e-06,1.6253959387313444e-06,1.8250964757271504e-06,0,0,2289,3854,3486,List_1_stim_3/female_3/freq_bins/12924-21328,List_1_stim_3/female_3/freq_bins/12924-21328
dichotic,3,trigger2,female_3,List_2_stim_3,attend,100-310,failed_numeric_check,30723,30723,30723,30723,same_length,1.7327316399473602e-06,1.8881346619536998e-06,2.060532494851941e-06,0,0,1556,5674,2232,List_2_stim_3/female_3/freq_bins/100-310,List_2_stim_3/female_3/freq_bins/100-310
dichotic,3,trigger2,female_3,List_2_stim_3,attend,328-684,failed_numeric_check,30723,30723,30723,30723,same_length,1.8731023487816856e-06,1.9005519504844415e-06,2.2403585475672116e-06,0,0,1393,5881,2467,List_2_stim_3/female_3/freq_bins/328-684,List_2_stim_3/female_3/freq_bins/328-684
dichotic,3,trigger2,female_3,List_2_stim_3,attend,715-1317,failed_numeric_check,30723,30723,30723,30723,same_length,1.8793208269585193e-06,1.8936414605263963e-06,2.567510804851736e-06,0,0,1573,5621,2577,List_2_stim_3/female_3/freq_bins/715-1317,List_2_stim_3/female_3/freq_bins/715-1317
dichotic,3,trigger2,female_3,List_2_stim_3,attend,1369-2390,failed_numeric_check,30723,30723,30723,30723,same_length,1.9065129563955452e-06,1.9001613793534489e-06,2.3972224312274193e-06,0,0,1678,5419,2600,List_2_stim_3/female_3/freq_bins/1369-2390,List_2_stim_3/female_3/freq_bins/1369-2390
dichotic,3,trigger2,female_3,List_2_stim_3,attend,2478-4207,failed_numeric_check,30723,30723,30723,30723,same_length,1.9030837066225104e-06,1.9055388094102454e-06,2.3691339805509415e-06,0,0,1746,5330,2556,List_2_stim_3/female_3/freq_bins/2478-4207,List_2_stim_3/female_3/freq_bins/2478-4207
dichotic,3,trigger2,female_3,List_2_stim_3,attend,4356-7285,failed_numeric_check,30723,30723,30723,30723,same_length,2.928275435465366e-06,1.9052439697020418e-06,2.985434875313331e-06,0,0,1441,5404,2745,List_2_stim_3/female_3/freq_bins/4356-7285,List_2_stim_3/female_3/freq_bins/4356-7285
dichotic,3,trigger2,female_3,List_2_stim_3,attend,7537-12498,failed_numeric_check,30723,30723,30723,30723,same_length,1.9038273109117654e-06,1.889847432323677e-06,2.2041148426410473e-06,0,0,1489,5016,3180,List_2_stim_3/female_3/freq_bins/7537-12498,List_2_stim_3/female_3/freq_bins/7537-12498
dichotic,3,trigger2,female_3,List_2_stim_3,attend,12924-21328,failed_numeric_check,30723,30723,30723,30723,same_length,1.9065028951104068e-06,1.6253959387313444e-06,1.989929863555062e-06,0,0,2194,4063,3315,List_2_stim_3/female_3/freq_bins/12924-21328,List_2_stim_3/female_3/freq_bins/12924-21328
dichotic,3,trigger2,male_3,List_2_stim_3,ignore,100-310,failed_numeric_check,31478,30723,30723,30723,source_truncated_755,1.8783650119758022e-06,1.9022988198003077e-06,2.4041763708737562e-06,0,0,1547,4975,2693,List_2_stim_3/male_3/freq_bins/100-310,List_2_stim_3/male_3/freq_bins/100-310
dichotic,3,trigger2,male_3,List_2_stim_3,ignore,328-684,failed_numeric_check,31478,30723,30723,30723,source_truncated_755,1.8808093145139537e-06,1.9064312652972148e-06,2.5425433562986655e-06,0,0,1491,4803,2904,List_2_stim_3/male_3/freq_bins/328-684,List_2_stim_3/male_3/freq_bins/328-684
dichotic,3,trigger2,male_3,List_2_stim_3,ignore,715-1317,failed_numeric_check,31478,30723,30723,30723,source_truncated_755,1.8968613915149035e-06,1.8958657648227017e-06,2.6893565987506918e-06,0,0,1551,5095,3124,List_2_stim_3/male_3/freq_bins/715-1317,List_2_stim_3/male_3/freq_bins/715-1317
dichotic,3,trigger2,male_3,List_2_stim_3,ignore,1369-2390,failed_numeric_check,31478,30723,30723,30723,source_truncated_755,1.8996523820646871e-06,1.9004538387434877e-06,2.4723479370436507e-06,0,0,1644,5004,3200,List_2_stim_3/male_3/freq_bins/1369-2390,List_2_stim_3/male_3/freq_bins/1369-2390
dichotic,3,trigger2,male_3,List_2_stim_3,ignore,2478-4207,failed_numeric_check,31478,30723,30723,30723,source_truncated_755,1.8907753798202975e-06,1.9055388094102454e-06,2.29379477900693e-06,0,0,1644,4939,3076,List_2_stim_3/male_3/freq_bins/2478-4207,List_2_stim_3/male_3/freq_bins/2478-4207
dichotic,3,trigger2,male_3,List_2_stim_3,ignore,4356-7285,failed_numeric_check,31478,30723,30723,30723,source_truncated_755,1.906851828437084e-06,1.9069852044140134e-06,2.51780607385399e-06,0,0,1829,4520,3114,List_2_stim_3/male_3/freq_bins/4356-7285,List_2_stim_3/male_3/freq_bins/4356-7285
dichotic,3,trigger2,male_3,List_2_stim_3,ignore,7537-12498,failed_numeric_check,31478,30723,30723,30723,source_truncated_755,1.906558672715164e-06,1.8845761502461755e-06,2.267578324222086e-06,0,0,1602,4751,2980,List_2_stim_3/male_3/freq_bins/7537-12498,List_2_stim_3/male_3/freq_bins/7537-12498
dichotic,3,trigger2,male_3,List_2_stim_3,ignore,12924-21328,failed_numeric_check,31478,30723,30723,30723,source_truncated_755,1.8480960974898153e-06,1.8481540493553439e-06,2.1347924601400337e-06,0,0,1135,5108,3265,List_2_stim_3/male_3/freq_bins/12924-21328,List_2_stim_3/male_3/freq_bins/12924-21328
diotic,4,trigger1,male_4,List_1_stim_4,attend,100-310,failed_numeric_check,30200,30200,30200,30200,same_length,1.8950595119804348e-06,1.89586273080522e-06,2.1742961422432927e-06,0,0,1286,5143,2573,List_1_stim_4/male_4/freq_bins/100-310,List_1_stim_4/male_4/freq_bins/100-310
diotic,4,trigger1,male_4,List_1_stim_4,attend,328-684,failed_numeric_check,30200,30200,30200,30200,same_length,1.8562824948276102e-06,1.9017778498664484e-06,2.5137697718946583e-06,0,0,1297,5125,2781,List_1_stim_4/male_4/freq_bins/328-684,List_1_stim_4/male_4/freq_bins/328-684
diotic,4,trigger1,male_4,List_1_stim_4,attend,715-1317,failed_numeric_check,30200,30200,30200,30200,same_length,1.9048060551085655e-06,1.9026891919793343e-06,2.292237269330144e-06,0,0,1205,5452,2981,List_1_stim_4/male_4/freq_bins/715-1317,List_1_stim_4/male_4/freq_bins/715-1317
diotic,4,trigger1,male_4,List_1_stim_4,attend,1369-2390,failed_numeric_check,30200,30200,30200,30200,same_length,1.8964270864785249e-06,1.9050269912668227e-06,2.3612603285982914e-06,0,0,1227,5530,2850,List_1_stim_4/male_4/freq_bins/1369-2390,List_1_stim_4/male_4/freq_bins/1369-2390
diotic,4,trigger1,male_4,List_1_stim_4,attend,2478-4207,failed_numeric_check,30200,30200,30200,30200,same_length,1.9048208343974693e-06,1.894763158816204e-06,2.1473160956020365e-06,0,0,1411,5397,2863,List_1_stim_4/male_4/freq_bins/2478-4207,List_1_stim_4/male_4/freq_bins/2478-4207
diotic,4,trigger1,male_4,List_1_stim_4,attend,4356-7285,failed_numeric_check,30200,30200,30200,30200,same_length,1.905829414283744e-06,2.097274290235873e-06,2.7513552254276874e-06,0,0,1681,4635,2977,List_1_stim_4/male_4/freq_bins/4356-7285,List_1_stim_4/male_4/freq_bins/4356-7285
diotic,4,trigger1,male_4,List_1_stim_4,attend,7537-12498,failed_numeric_check,30200,30200,30200,30200,same_length,1.9070255490305499e-06,1.9056576050502372e-06,2.712929763504235e-06,0,0,1342,5104,2736,List_1_stim_4/male_4/freq_bins/7537-12498,List_1_stim_4/male_4/freq_bins/7537-12498
diotic,4,trigger1,male_4,List_1_stim_4,attend,12924-21328,failed_numeric_check,30200,30200,30200,30200,same_length,1.7049339078312187e-06,1.9034714924259788e-06,2.079131398602385e-06,0,0,852,5456,3110,List_1_stim_4/male_4/freq_bins/12924-21328,List_1_stim_4/male_4/freq_bins/12924-21328
diotic,4,trigger1,female_4,List_1_stim_4,ignore,100-310,failed_numeric_check,31739,30200,30200,30200,source_truncated_1539,1.8890126440851418e-06,1.9059126259435288e-06,1.951015633494535e-06,0,0,1672,4706,3014,List_1_stim_4/female_4/freq_bins/100-310,List_1_stim_4/female_4/freq_bins/100-310
diotic,4,trigger1,female_4,List_1_stim_4,ignore,328-684,failed_numeric_check,31739,30200,30200,30200,source_truncated_1539,1.9069570242891132e-06,1.9020162866922874e-06,2.188517214563035e-06,0,0,1559,4937,3159,List_1_stim_4/female_4/freq_bins/328-684,List_1_stim_4/female_4/freq_bins/328-684
diotic,4,trigger1,female_4,List_1_stim_4,ignore,715-1317,failed_numeric_check,31739,30200,30200,30200,source_truncated_1539,1.8970300388332362e-06,1.8894866258278853e-06,2.4914860787816906e-06,0,0,1702,4881,3169,List_1_stim_4/female_4/freq_bins/715-1317,List_1_stim_4/female_4/freq_bins/715-1317
diotic,4,trigger1,female_4,List_1_stim_4,ignore,1369-2390,failed_numeric_check,31739,30200,30200,30200,source_truncated_1539,1.93908476830984e-06,1.9063709473243762e-06,2.277178133169855e-06,0,0,1745,4560,3183,List_1_stim_4/female_4/freq_bins/1369-2390,List_1_stim_4/female_4/freq_bins/1369-2390
diotic,4,trigger1,female_4,List_1_stim_4,ignore,2478-4207,failed_numeric_check,31739,30200,30200,30200,source_truncated_1539,1.8953072427052575e-06,1.8981764355885389e-06,2.694198990127461e-06,0,0,1839,4271,3332,List_1_stim_4/female_4/freq_bins/2478-4207,List_1_stim_4/female_4/freq_bins/2478-4207
diotic,4,trigger1,female_4,List_1_stim_4,ignore,4356-7285,failed_numeric_check,31739,30200,30200,30200,source_truncated_1539,3.106942514818911e-06,3.527807223235868e-06,3.1657897210379815e-06,0,0,1544,4335,3344,List_1_stim_4/female_4/freq_bins/4356-7285,List_1_stim_4/female_4/freq_bins/4356-7285
diotic,4,trigger1,female_4,List_1_stim_4,ignore,7537-12498,failed_numeric_check,31739,30200,30200,30200,source_truncated_1539,1.9061472613657315e-06,1.9065231740000854e-06,2.1961746483611932e-06,0,0,1661,4162,3576,List_1_stim_4/female_4/freq_bins/7537-12498,List_1_stim_4/female_4/freq_bins/7537-12498
diotic,4,trigger1,female_4,List_1_stim_4,ignore,12924-21328,failed_numeric_check,31739,30200,30200,30200,source_truncated_1539,1.8745248624441047e-06,1.6762033538952892e-06,1.8806689112693675e-06,0,0,2335,3665,3415,List_1_stim_4/female_4/freq_bins/12924-21328,List_1_stim_4/female_4/freq_bins/12924-21328
diotic,4,trigger2,female_4,List_2_stim_4,attend,100-310,failed_numeric_check,31739,31739,31739,31739,same_length,1.9039073748672308e-06,1.9066457284111493e-06,2.056592869337237e-06,0,0,1650,5544,2518,List_2_stim_4/female_4/freq_bins/100-310,List_2_stim_4/female_4/freq_bins/100-310
diotic,4,trigger2,female_4,List_2_stim_4,attend,328-684,failed_numeric_check,31739,31739,31739,31739,same_length,1.903529991409414e-06,1.8938449883876274e-06,2.1689830802529286e-06,0,0,1519,5965,2682,List_2_stim_4/female_4/freq_bins/328-684,List_2_stim_4/female_4/freq_bins/328-684
diotic,4,trigger2,female_4,List_2_stim_4,attend,715-1317,failed_numeric_check,31739,31739,31739,31739,same_length,1.8938129358048172e-06,1.9055419571145649e-06,3.382037164101348e-06,0,0,1679,5682,2829,List_2_stim_4/female_4/freq_bins/715-1317,List_2_stim_4/female_4/freq_bins/715-1317
diotic,4,trigger2,female_4,List_2_stim_4,attend,1369-2390,failed_numeric_check,31739,31739,31739,31739,same_length,1.8817014932892562e-06,1.905673975954869e-06,2.6915866655485843e-06,0,0,1726,5373,2875,List_2_stim_4/female_4/freq_bins/1369-2390,List_2_stim_4/female_4/freq_bins/1369-2390
diotic,4,trigger2,female_4,List_2_stim_4,attend,2478-4207,failed_numeric_check,31739,31739,31739,31739,same_length,1.8996120374481507e-06,1.9044390029421265e-06,2.5639258609544413e-06,0,0,1878,5130,2885,List_2_stim_4/female_4/freq_bins/2478-4207,List_2_stim_4/female_4/freq_bins/2478-4207
diotic,4,trigger2,female_4,List_2_stim_4,attend,4356-7285,failed_numeric_check,31739,31739,31739,31739,same_length,2.416991051745754e-06,3.5711063759436e-06,3.4678047029501613e-06,0,0,1451,5421,2836,List_2_stim_4/female_4/freq_bins/4356-7285,List_2_stim_4/female_4/freq_bins/4356-7285
diotic,4,trigger2,female_4,List_2_stim_4,attend,7537-12498,failed_numeric_check,31739,31739,31739,31739,same_length,1.9021731176849244e-06,1.9060896647715708e-06,2.096095613524085e-06,0,0,1654,4884,3384,List_2_stim_4/female_4/freq_bins/7537-12498,List_2_stim_4/female_4/freq_bins/7537-12498
diotic,4,trigger2,female_4,List_2_stim_4,attend,12924-21328,failed_numeric_check,31739,31739,31739,31739,same_length,1.8897747224855266e-06,1.7957795037659707e-06,1.8897747224855266e-06,0,0,2335,4061,3434,List_2_stim_4/female_4/freq_bins/12924-21328,List_2_stim_4/female_4/freq_bins/12924-21328
diotic,4,trigger2,male_4,List_2_stim_4,ignore,100-310,failed_numeric_check,30200,31739,31739,31739,source_padded_1539,1.850479520726367e-06,1.8723489674243865e-06,2.372199546130105e-06,0,0,1489,4575,2890,List_2_stim_4/male_4/freq_bins/100-310,List_2_stim_4/male_4/freq_bins/100-310
diotic,4,trigger2,male_4,List_2_stim_4,ignore,328-684,failed_numeric_check,30200,31739,31739,31739,source_padded_1539,1.8575842304358048e-06,1.9016642198721456e-06,2.6822344807442278e-06,0,0,1499,4672,3016,List_2_stim_4/male_4/freq_bins/328-684,List_2_stim_4/male_4/freq_bins/328-684
diotic,4,trigger2,male_4,List_2_stim_4,ignore,715-1317,failed_numeric_check,30200,31739,31739,31739,source_padded_1539,1.862887657466672e-06,1.9055419571145649e-06,2.2104726156157994e-06,0,0,1424,4938,3262,List_2_stim_4/male_4/freq_bins/715-1317,List_2_stim_4/male_4/freq_bins/715-1317
diotic,4,trigger2,male_4,List_2_stim_4,ignore,1369-2390,failed_numeric_check,30200,31739,31739,31739,source_padded_1539,2.790904304106334e-06,1.9067367702518823e-06,2.7901905070848443e-06,0,0,1449,4837,3240,List_2_stim_4/male_4/freq_bins/1369-2390,List_2_stim_4/male_4/freq_bins/1369-2390
diotic,4,trigger2,male_4,List_2_stim_4,ignore,2478-4207,failed_numeric_check,30200,31739,31739,31739,source_padded_1539,1.9060374043533557e-06,1.9030334641456648e-06,2.6953374572258326e-06,0,0,1591,4794,3181,List_2_stim_4/male_4/freq_bins/2478-4207,List_2_stim_4/male_4/freq_bins/2478-4207
diotic,4,trigger2,male_4,List_2_stim_4,ignore,4356-7285,failed_numeric_check,30200,31739,31739,31739,source_padded_1539,1.9062725442609008e-06,1.9069428844886716e-06,2.6482650810066843e-06,0,0,1822,4367,3128,List_2_stim_4/male_4/freq_bins/4356-7285,List_2_stim_4/male_4/freq_bins/4356-7285
diotic,4,trigger2,male_4,List_2_stim_4,ignore,7537-12498,failed_numeric_check,30200,31739,31739,31739,source_padded_1539,1.905002577018422e-06,1.907272192624987e-06,2.611569854593654e-06,0,0,1455,4815,2880,List_2_stim_4/male_4/freq_bins/7537-12498,List_2_stim_4/male_4/freq_bins/7537-12498
diotic,4,trigger2,male_4,List_2_stim_4,ignore,12924-21328,failed_numeric_check,30200,31739,31739,31739,source_padded_1539,1.884231359383648e-06,1.9047450194875637e-06,2.0329446428490883e-06,0,0,1010,5112,3337,List_2_stim_4/male_4/freq_bins/12924-21328,List_2_stim_4/male_4/freq_bins/12924-21328
binaural,5,trigger1,male_5,List_1_stim_5,attend,100-310,failed_numeric_check,30799,30800,30800,30800,source_padded_1,1.7450298486210158e-06,1.9003357039082402e-06,2.238759364558973e-06,0,0,1380,4675,2936,List_1_stim_5/male_5/freq_bins/100-310,List_1_stim_5/male_5/freq_bins/100-310
binaural,5,trigger1,male_5,List_1_stim_5,attend,328-684,failed_numeric_check,30799,30800,30800,30800,source_padded_1,1.864140322993535e-06,1.9024014505930609e-06,2.483298118249877e-06,0,0,1410,4663,3234,List_1_stim_5/male_5/freq_bins/328-684,List_1_stim_5/male_5/freq_bins/328-684
binaural,5,trigger1,male_5,List_1_stim_5,attend,715-1317,failed_numeric_check,30799,30800,30800,30800,source_padded_1,1.902596991953942e-06,1.894784638523106e-06,2.3497206598221965e-06,0,0,1382,4776,3700,List_1_stim_5/male_5/freq_bins/715-1317,List_1_stim_5/male_5/freq_bins/715-1317
binaural,5,trigger1,male_5,List_1_stim_5,attend,1369-2390,failed_numeric_check,30799,30800,30800,30800,source_padded_1,1.9054761537518061e-06,1.906140575158588e-06,2.666913289317563e-06,0,0,1410,4964,3418,List_1_stim_5/male_5/freq_bins/1369-2390,List_1_stim_5/male_5/freq_bins/1369-2390
binaural,5,trigger1,male_5,List_1_stim_5,attend,2478-4207,failed_numeric_check,30799,30800,30800,30800,source_padded_1,1.8943715005548256e-06,1.8963974923735805e-06,2.575326931264499e-06,0,0,1420,5195,2865,List_1_stim_5/male_5/freq_bins/2478-4207,List_1_stim_5/male_5/freq_bins/2478-4207
binaural,5,trigger1,male_5,List_1_stim_5,attend,4356-7285,failed_numeric_check,30799,30800,30800,30800,source_padded_1,2.0371281692632692e-06,1.907091757402668e-06,3.7294458934411523e-06,0,0,1794,4365,3123,List_1_stim_5/male_5/freq_bins/4356-7285,List_1_stim_5/male_5/freq_bins/4356-7285
binaural,5,trigger1,male_5,List_1_stim_5,attend,7537-12498,failed_numeric_check,30799,30800,30800,30800,source_padded_1,1.9065386709371523e-06,1.9039752245930686e-06,2.8511950276310927e-06,0,0,1378,4866,3123,List_1_stim_5/male_5/freq_bins/7537-12498,List_1_stim_5/male_5/freq_bins/7537-12498
binaural,5,trigger1,male_5,List_1_stim_5,attend,12924-21328,failed_numeric_check,30799,30800,30800,30800,source_padded_1,1.828848681384443e-06,1.9063563030385922e-06,2.324746418480572e-06,0,0,1170,4965,3330,List_1_stim_5/male_5/freq_bins/12924-21328,List_1_stim_5/male_5/freq_bins/12924-21328
binaural,5,trigger1,female_5,List_1_stim_5,ignore,100-310,failed_numeric_check,32064,30800,30800,30800,source_truncated_1264,1.8598016211512913e-06,1.8849029927991978e-06,2.5450066871712806e-06,0,0,1595,5286,2354,List_1_stim_5/female_5/freq_bins/100-310,List_1_stim_5/female_5/freq_bins/100-310
binaural,5,trigger1,female_5,List_1_stim_5,ignore,328-684,failed_numeric_check,32064,30800,30800,30800,source_truncated_1264,1.905661534351566e-06,1.8651645703471331e-06,2.4229299384614933e-06,0,0,1456,5593,2591,List_1_stim_5/female_5/freq_bins/328-684,List_1_stim_5/female_5/freq_bins/328-684
binaural,5,trigger1,female_5,List_1_stim_5,ignore,715-1317,failed_numeric_check,32064,30800,30800,30800,source_truncated_1264,1.9055735975825883e-06,1.9069863554932454e-06,2.9217546426707486e-06,0,0,1590,5415,2791,List_1_stim_5/female_5/freq_bins/715-1317,List_1_stim_5/female_5/freq_bins/715-1317
binaural,5,trigger1,female_5,List_1_stim_5,ignore,1369-2390,failed_numeric_check,32064,30800,30800,30800,source_truncated_1264,1.889270180299718e-06,1.9068321108761666e-06,2.458965035145866e-06,0,0,1648,5275,2711,List_1_stim_5/female_5/freq_bins/1369-2390,List_1_stim_5/female_5/freq_bins/1369-2390
binaural,5,trigger1,female_5,List_1_stim_5,ignore,2478-4207,failed_numeric_check,32064,30800,30800,30800,source_truncated_1264,1.9024213884222263e-06,1.9037920395703622e-06,2.4222122334549567e-06,0,0,1838,5491,2306,List_1_stim_5/female_5/freq_bins/2478-4207,List_1_stim_5/female_5/freq_bins/2478-4207
binaural,5,trigger1,female_5,List_1_stim_5,ignore,4356-7285,failed_numeric_check,32064,30800,30800,30800,source_truncated_1264,1.904979427536091e-06,1.9051454529517287e-06,2.9433440573711778e-06,0,0,1497,5572,2411,List_1_stim_5/female_5/freq_bins/4356-7285,List_1_stim_5/female_5/freq_bins/4356-7285
binaural,5,trigger1,female_5,List_1_stim_5,ignore,7537-12498,failed_numeric_check,32064,30800,30800,30800,source_truncated_1264,1.8987277101700784e-06,1.9017752848071723e-06,2.2222926858717074e-06,0,0,1617,4926,2993,List_1_stim_5/female_5/freq_bins/7537-12498,List_1_stim_5/female_5/freq_bins/7537-12498
binaural,5,trigger1,female_5,List_1_stim_5,ignore,12924-21328,failed_numeric_check,32064,30800,30800,30800,source_truncated_1264,1.809991616141815e-06,9.499531152812324e-07,1.8097848766274183e-06,0,0,2321,4051,3152,List_1_stim_5/female_5/freq_bins/12924-21328,List_1_stim_5/female_5/freq_bins/12924-21328
binaural,5,trigger2,female_5,List_2_stim_5,attend,100-310,failed_numeric_check,32064,32065,32065,32065,source_padded_1,1.892479552623172e-06,1.899949950256996e-06,2.5450066871712806e-06,0,0,1755,5327,2646,List_2_stim_5/female_5/freq_bins/100-310,List_2_stim_5/female_5/freq_bins/100-310
binaural,5,trigger2,female_5,List_2_stim_5,attend,328-684,failed_numeric_check,32064,32065,32065,32065,source_padded_1,1.8957643419525994e-06,1.8921389965953495e-06,2.4229299384614933e-06,0,0,1612,5501,2867,List_2_stim_5/female_5/freq_bins/328-684,List_2_stim_5/female_5/freq_bins/328-684
binaural,5,trigger2,female_5,List_2_stim_5,attend,715-1317,failed_numeric_check,32064,32065,32065,32065,source_padded_1,1.903668582770024e-06,1.9062274603243168e-06,3.1106797138136244e-06,0,0,1763,5438,2951,List_2_stim_5/female_5/freq_bins/715-1317,List_2_stim_5/female_5/freq_bins/715-1317
binaural,5,trigger2,female_5,List_2_stim_5,attend,1369-2390,failed_numeric_check,32064,32065,32065,32065,source_padded_1,1.8968856139167656e-06,1.9073388912715927e-06,2.521700579904973e-06,0,0,1749,5309,2871,List_2_stim_5/female_5/freq_bins/1369-2390,List_2_stim_5/female_5/freq_bins/1369-2390
binaural,5,trigger2,female_5,List_2_stim_5,attend,2478-4207,failed_numeric_check,32064,32065,32065,32065,source_padded_1,1.8985675396265833e-06,1.9037920395703622e-06,2.4844008024160757e-06,0,0,1999,5469,2439,List_2_stim_5/female_5/freq_bins/2478-4207,List_2_stim_5/female_5/freq_bins/2478-4207
binaural,5,trigger2,female_5,List_2_stim_5,attend,4356-7285,failed_numeric_check,32064,32065,32065,32065,source_padded_1,1.9063682259456982e-06,1.9068843144509628e-06,2.65569610746752e-06,0,0,1646,5503,2711,List_2_stim_5/female_5/freq_bins/4356-7285,List_2_stim_5/female_5/freq_bins/4356-7285
binaural,5,trigger2,female_5,List_2_stim_5,attend,7537-12498,failed_numeric_check,32064,32065,32065,32065,source_padded_1,1.9072615202730958e-06,1.8930714986709063e-06,2.2317132959415176e-06,0,0,1752,5036,3234,List_2_stim_5/female_5/freq_bins/7537-12498,List_2_stim_5/female_5/freq_bins/7537-12498
binaural,5,trigger2,female_5,List_2_stim_5,attend,12924-21328,failed_numeric_check,32064,32065,32065,32065,source_padded_1,1.8722119818903593e-06,9.512858341054198e-07,1.8437857605135832e-06,0,0,2442,4249,3281,List_2_stim_5/female_5/freq_bins/12924-21328,List_2_stim_5/female_5/freq_bins/12924-21328
binaural,5,trigger2,male_5,List_2_stim_5,ignore,100-310,failed_numeric_check,30799,32065,32065,32065,source_padded_1266,3.2447270257307537e-06,1.8803079697704561e-06,3.2447270257307537e-06,0,0,1412,4974,2591,List_2_stim_5/male_5/freq_bins/100-310,List_2_stim_5/male_5/freq_bins/100-310
binaural,5,trigger2,male_5,List_2_stim_5,ignore,328-684,failed_numeric_check,30799,32065,32065,32065,source_padded_1266,1.9036845486652965e-06,1.9028360327411065e-06,2.683842680539783e-06,0,0,1446,5095,2853,List_2_stim_5/male_5/freq_bins/328-684,List_2_stim_5/male_5/freq_bins/328-684
binaural,5,trigger2,male_5,List_2_stim_5,ignore,715-1317,failed_numeric_check,30799,32065,32065,32065,source_padded_1266,1.9016698260543308e-06,1.9059239804164463e-06,2.5273602943798323e-06,0,0,1353,4994,3484,List_2_stim_5/male_5/freq_bins/715-1317,List_2_stim_5/male_5/freq_bins/715-1317
binaural,5,trigger2,male_5,List_2_stim_5,ignore,1369-2390,failed_numeric_check,30799,32065,32065,32065,source_padded_1266,1.8926635618754517e-06,1.8930605207856388e-06,2.8003462944070634e-06,0,0,1442,5076,3216,List_2_stim_5/male_5/freq_bins/1369-2390,List_2_stim_5/male_5/freq_bins/1369-2390
binaural,5,trigger2,male_5,List_2_stim_5,ignore,2478-4207,failed_numeric_check,30799,32065,32065,32065,source_padded_1266,1.8943864574794134e-06,1.9067828986862878e-06,2.271837580281044e-06,0,0,1465,5460,2554,List_2_stim_5/male_5/freq_bins/2478-4207,List_2_stim_5/male_5/freq_bins/2478-4207
binaural,5,trigger2,male_5,List_2_stim_5,ignore,4356-7285,failed_numeric_check,30799,32065,32065,32065,source_padded_1266,2.0371281692632692e-06,1.9062570260075518e-06,2.6599293931894863e-06,0,0,1813,4656,2798,List_2_stim_5/male_5/freq_bins/4356-7285,List_2_stim_5/male_5/freq_bins/4356-7285
binaural,5,trigger2,male_5,List_2_stim_5,ignore,7537-12498,failed_numeric_check,30799,32065,32065,32065,source_padded_1266,1.8914523849389298e-06,1.9061665312847254e-06,2.5819058464549016e-06,0,0,1375,5178,2785,List_2_stim_5/male_5/freq_bins/7537-12498,List_2_stim_5/male_5/freq_bins/7537-12498
binaural,5,trigger2,male_5,List_2_stim_5,ignore,12924-21328,failed_numeric_check,30799,32065,32065,32065,source_padded_1266,1.8624848294734875e-06,1.9027083766331998e-06,2.070671570209015e-06,0,0,1097,5452,2998,List_2_stim_5/male_5/freq_bins/12924-21328,List_2_stim_5/male_5/freq_bins/12924-21328
dichotic,6,trigger1,male_6,List_1_stim_6,attend,100-310,failed_numeric_check,31131,31131,31131,31131,same_length,1.8673654693657227e-06,1.9072678583142988e-06,2.537158202642331e-06,0,0,1264,5488,2358,List_1_stim_6/male_6/freq_bins/100-310,List_1_stim_6/male_6/freq_bins/100-310
dichotic,6,trigger1,male_6,List_1_stim_6,attend,328-684,failed_numeric_check,31131,31131,31131,31131,same_length,1.9012749774560689e-06,1.8985381586844596e-06,2.7525252761506636e-06,0,0,1194,5756,2416,List_1_stim_6/male_6/freq_bins/328-684,List_1_stim_6/male_6/freq_bins/328-684
dichotic,6,trigger1,male_6,List_1_stim_6,attend,715-1317,failed_numeric_check,31131,31131,31131,31131,same_length,1.8915088091375765e-06,1.898796789134849e-06,2.5536079419907765e-06,0,0,1359,5684,2724,List_1_stim_6/male_6/freq_bins/715-1317,List_1_stim_6/male_6/freq_bins/715-1317
dichotic,6,trigger1,male_6,List_1_stim_6,attend,1369-2390,failed_numeric_check,31131,31131,31131,31131,same_length,1.8795247882508193e-06,1.9058288529549827e-06,2.3466819811801543e-06,0,0,1157,5968,2714,List_1_stim_6/male_6/freq_bins/1369-2390,List_1_stim_6/male_6/freq_bins/1369-2390
dichotic,6,trigger1,male_6,List_1_stim_6,attend,2478-4207,failed_numeric_check,31131,31131,31131,31131,same_length,1.8908188863520081e-06,1.8855174843679379e-06,2.0452626330325074e-06,0,0,1597,5120,2897,List_1_stim_6/male_6/freq_bins/2478-4207,List_1_stim_6/male_6/freq_bins/2478-4207
dichotic,6,trigger1,male_6,List_1_stim_6,attend,4356-7285,failed_numeric_check,31131,31131,31131,31131,same_length,3.472287161798704e-06,1.905712679217686e-06,3.4863749363012175e-06,0,0,1692,4663,3058,List_1_stim_6/male_6/freq_bins/4356-7285,List_1_stim_6/male_6/freq_bins/4356-7285
dichotic,6,trigger1,male_6,List_1_stim_6,attend,7537-12498,failed_numeric_check,31131,31131,31131,31131,same_length,1.8963804109262128e-06,1.8976507760726236e-06,2.468882783546178e-06,0,0,1406,5166,2898,List_1_stim_6/male_6/freq_bins/7537-12498,List_1_stim_6/male_6/freq_bins/7537-12498
dichotic,6,trigger1,male_6,List_1_stim_6,attend,12924-21328,failed_numeric_check,31131,31131,31131,31131,same_length,1.6087981791201855e-06,1.8817692932771024e-06,1.9798655017666533e-06,0,0,1049,5554,3045,List_1_stim_6/male_6/freq_bins/12924-21328,List_1_stim_6/male_6/freq_bins/12924-21328
dichotic,6,trigger1,female_6,List_1_stim_6,ignore,100-310,failed_numeric_check,31442,31131,31131,31131,source_truncated_311,1.8791684937013997e-06,1.9038406406934882e-06,2.0843311148155408e-06,0,0,1691,5112,2420,List_1_stim_6/female_6/freq_bins/100-310,List_1_stim_6/female_6/freq_bins/100-310
dichotic,6,trigger1,female_6,List_1_stim_6,ignore,328-684,failed_numeric_check,31442,31131,31131,31131,source_truncated_311,1.8753007253735632e-06,1.8989814236647362e-06,2.281347256882782e-06,0,0,1754,5265,2823,List_1_stim_6/female_6/freq_bins/328-684,List_1_stim_6/female_6/freq_bins/328-684
dichotic,6,trigger1,female_6,List_1_stim_6,ignore,715-1317,failed_numeric_check,31442,31131,31131,31131,source_truncated_311,1.9010219673987194e-06,1.9047162780339022e-06,2.638435809387829e-06,0,0,1722,5528,2628,List_1_stim_6/female_6/freq_bins/715-1317,List_1_stim_6/female_6/freq_bins/715-1317
dichotic,6,trigger1,female_6,List_1_stim_6,ignore,1369-2390,failed_numeric_check,31442,31131,31131,31131,source_truncated_311,1.87636982929007e-06,1.9027393847181884e-06,2.5199196045377903e-06,0,0,1946,5011,2848,List_1_stim_6/female_6/freq_bins/1369-2390,List_1_stim_6/female_6/freq_bins/1369-2390
dichotic,6,trigger1,female_6,List_1_stim_6,ignore,2478-4207,failed_numeric_check,31442,31131,31131,31131,source_truncated_311,1.9013032854786616e-06,1.89989997778639e-06,3.284313507379011e-06,0,0,1781,5386,2550,List_1_stim_6/female_6/freq_bins/2478-4207,List_1_stim_6/female_6/freq_bins/2478-4207
dichotic,6,trigger1,female_6,List_1_stim_6,ignore,4356-7285,failed_numeric_check,31442,31131,31131,31131,source_truncated_311,1.904864483037727e-06,1.9053586299833114e-06,3.5223661711825116e-06,0,0,1564,5105,2881,List_1_stim_6/female_6/freq_bins/4356-7285,List_1_stim_6/female_6/freq_bins/4356-7285
dichotic,6,trigger1,female_6,List_1_stim_6,ignore,7537-12498,failed_numeric_check,31442,31131,31131,31131,source_truncated_311,1.9055030833214914e-06,1.907237880516277e-06,2.5764691571339426e-06,0,0,1839,4742,3163,List_1_stim_6/female_6/freq_bins/7537-12498,List_1_stim_6/female_6/freq_bins/7537-12498
dichotic,6,trigger1,female_6,List_1_stim_6,ignore,12924-21328,failed_numeric_check,31442,31131,31131,31131,source_truncated_311,1.8920278321843398e-06,1.3791583910460758e-06,1.8922221514117155e-06,0,0,2256,4146,3367,List_1_stim_6/female_6/freq_bins/12924-21328,List_1_stim_6/female_6/freq_bins/12924-21328
dichotic,6,trigger2,female_6,List_2_stim_6,attend,100-310,failed_numeric_check,31442,31442,31442,31442,same_length,1.8791684937013997e-06,1.8882686703136642e-06,2.224390620142458e-06,0,0,1614,5420,2264,List_2_stim_6/female_6/freq_bins/100-310,List_2_stim_6/female_6/freq_bins/100-310
dichotic,6,trigger2,female_6,List_2_stim_6,attend,328-684,failed_numeric_check,31442,31442,31442,31442,same_length,1.8499008689332186e-06,1.7952033104506882e-06,1.9633386969530875e-06,0,0,1631,5581,2703,List_2_stim_6/female_6/freq_bins/328-684,List_2_stim_6/female_6/freq_bins/328-684
dichotic,6,trigger2,female_6,List_2_stim_6,attend,715-1317,failed_numeric_check,31442,31442,31442,31442,same_length,1.881185056618051e-06,1.898895561680547e-06,2.5878164819914673e-06,0,0,1606,5622,2603,List_2_stim_6/female_6/freq_bins/715-1317,List_2_stim_6/female_6/freq_bins/715-1317
dichotic,6,trigger2,female_6,List_2_stim_6,attend,1369-2390,failed_numeric_check,31442,31442,31442,31442,same_length,1.8804132650984684e-06,1.8205348055744253e-06,2.2509756405497683e-06,0,0,1861,5153,2836,List_2_stim_6/female_6/freq_bins/1369-2390,List_2_stim_6/female_6/freq_bins/1369-2390
dichotic,6,trigger2,female_6,List_2_stim_6,attend,2478-4207,failed_numeric_check,31442,31442,31442,31442,same_length,1.9048687818212784e-06,1.902421956856415e-06,2.5175050026859935e-06,0,0,1653,5617,2534,List_2_stim_6/female_6/freq_bins/2478-4207,List_2_stim_6/female_6/freq_bins/2478-4207
dichotic,6,trigger2,female_6,List_2_stim_6,attend,4356-7285,failed_numeric_check,31442,31442,31442,31442,same_length,1.9072147168230913e-06,1.9072162444899732e-06,2.6871134650718886e-06,0,0,1408,5520,2666,List_2_stim_6/female_6/freq_bins/4356-7285,List_2_stim_6/female_6/freq_bins/4356-7285
dichotic,6,trigger2,female_6,List_2_stim_6,attend,7537-12498,failed_numeric_check,31442,31442,31442,31442,same_length,1.9052924784546121e-06,1.8971344033502646e-06,2.3041510388566167e-06,0,0,1744,5062,3087,List_2_stim_6/female_6/freq_bins/7537-12498,List_2_stim_6/female_6/freq_bins/7537-12498
dichotic,6,trigger2,female_6,List_2_stim_6,attend,12924-21328,failed_numeric_check,31442,31442,31442,31442,same_length,1.8943637698498605e-06,1.5167595108778187e-06,1.9001223066084094e-06,0,0,2246,4275,3356,List_2_stim_6/female_6/freq_bins/12924-21328,List_2_stim_6/female_6/freq_bins/12924-21328
dichotic,6,trigger2,male_6,List_2_stim_6,ignore,100-310,failed_numeric_check,31131,31442,31442,31442,source_padded_311,1.887068755479504e-06,1.9041518299900417e-06,2.3624474323469258e-06,0,0,1325,4875,2923,List_2_stim_6/male_6/freq_bins/100-310,List_2_stim_6/male_6/freq_bins/100-310
dichotic,6,trigger2,male_6,List_2_stim_6,ignore,328-684,failed_numeric_check,31131,31442,31442,31442,source_padded_311,1.8961004570883233e-06,1.9014434400332902e-06,2.3861555220605624e-06,0,0,1238,5063,2905,List_2_stim_6/male_6/freq_bins/328-684,List_2_stim_6/male_6/freq_bins/328-684
dichotic,6,trigger2,male_6,List_2_stim_6,ignore,715-1317,failed_numeric_check,31131,31442,31442,31442,source_padded_311,1.906408954255312e-06,1.8414580367220879e-06,2.6070967820146507e-06,0,0,1454,4990,3304,List_2_stim_6/male_6/freq_bins/715-1317,List_2_stim_6/male_6/freq_bins/715-1317
dichotic,6,trigger2,male_6,List_2_stim_6,ignore,1369-2390,failed_numeric_check,31131,31442,31442,31442,source_padded_311,1.8864228223947066e-06,1.9072130754693717e-06,2.261634662659162e-06,0,0,1256,5143,3391,List_2_stim_6/male_6/freq_bins/1369-2390,List_2_stim_6/male_6/freq_bins/1369-2390
dichotic,6,trigger2,male_6,List_2_stim_6,ignore,2478-4207,failed_numeric_check,31131,31442,31442,31442,source_padded_311,1.9060901479406311e-06,1.8985116128078516e-06,2.380444030336548e-06,0,0,1680,4448,3505,List_2_stim_6/male_6/freq_bins/2478-4207,List_2_stim_6/male_6/freq_bins/2478-4207
dichotic,6,trigger2,male_6,List_2_stim_6,ignore,4356-7285,failed_numeric_check,31131,31442,31442,31442,source_padded_311,1.9067063732336464e-06,1.9010586669310214e-06,2.542186308573946e-06,0,0,1728,4085,3519,List_2_stim_6/male_6/freq_bins/4356-7285,List_2_stim_6/male_6/freq_bins/4356-7285
dichotic,6,trigger2,male_6,List_2_stim_6,ignore,7537-12498,failed_numeric_check,31131,31442,31442,31442,source_padded_311,1.9072039449952172e-06,1.9010993668189258e-06,2.6206296155351083e-06,0,0,1475,4758,3244,List_2_stim_6/male_6/freq_bins/7537-12498,List_2_stim_6/male_6/freq_bins/7537-12498
dichotic,6,trigger2,male_6,List_2_stim_6,ignore,12924-21328,failed_numeric_check,31131,31442,31442,31442,source_padded_311,1.9051607296205475e-06,1.907258742050999e-06,2.019019909482722e-06,0,0,1106,4986,3448,List_2_stim_6/male_6/freq_bins/12924-21328,List_2_stim_6/male_6/freq_bins/12924-21328
binaural,8,trigger1,female_8,List_1_stim_8,attend,100-310,failed_numeric_check,31068,31069,31069,31069,source_padded_1,1.8915301538413587e-06,1.895778900973255e-06,1.9739111110084195e-06,0,0,1641,5030,2694,List_1_stim_8/female_8/freq_bins/100-310,List_1_stim_8/female_8/freq_bins/100-310
binaural,8,trigger1,female_8,List_1_stim_8,attend,328-684,failed_numeric_check,31068,31069,31069,31069,source_padded_1,1.9058074443023543e-06,1.893716699896686e-06,2.5040194486791734e-06,0,0,1558,4915,2995,List_1_stim_8/female_8/freq_bins/328-684,List_1_stim_8/female_8/freq_bins/328-684
binaural,8,trigger1,female_8,List_1_stim_8,attend,715-1317,failed_numeric_check,31068,31069,31069,31069,source_padded_1,1.9058394542526003e-06,1.8993626511587536e-06,2.55627206513509e-06,0,0,1569,4844,3083,List_1_stim_8/female_8/freq_bins/715-1317,List_1_stim_8/female_8/freq_bins/715-1317
binaural,8,trigger1,female_8,List_1_stim_8,attend,1369-2390,failed_numeric_check,31068,31069,31069,31069,source_padded_1,1.9061214899807055e-06,1.9044507908461128e-06,2.5267566172715306e-06,0,0,1613,4942,3013,List_1_stim_8/female_8/freq_bins/1369-2390,List_1_stim_8/female_8/freq_bins/1369-2390
binaural,8,trigger1,female_8,List_1_stim_8,attend,2478-4207,failed_numeric_check,31068,31069,31069,31069,source_padded_1,1.90268678323946e-06,1.9007449409969013e-06,2.5608814269162394e-06,0,0,1716,5171,2581,List_1_stim_8/female_8/freq_bins/2478-4207,List_1_stim_8/female_8/freq_bins/2478-4207
binaural,8,trigger1,female_8,List_1_stim_8,attend,4356-7285,failed_numeric_check,31068,31069,31069,31069,source_padded_1,3.179281364396047e-06,1.9053323825346524e-06,3.541014734764758e-06,0,0,1474,5113,3027,List_1_stim_8/female_8/freq_bins/4356-7285,List_1_stim_8/female_8/freq_bins/4356-7285
binaural,8,trigger1,female_8,List_1_stim_8,attend,7537-12498,failed_numeric_check,31068,31069,31069,31069,source_padded_1,1.9072457959623534e-06,1.9060111924318335e-06,2.2360680205224526e-06,0,0,1609,4729,3446,List_1_stim_8/female_8/freq_bins/7537-12498,List_1_stim_8/female_8/freq_bins/7537-12498
binaural,8,trigger1,female_8,List_1_stim_8,attend,12924-21328,failed_numeric_check,31068,31069,31069,31069,source_padded_1,1.8650167064038214e-06,1.2035275673838441e-06,1.972558408169789e-06,0,0,2321,4141,3376,List_1_stim_8/female_8/freq_bins/12924-21328,List_1_stim_8/female_8/freq_bins/12924-21328
binaural,8,trigger1,male_8,List_1_stim_8,ignore,100-310,failed_numeric_check,31090,31069,31069,31069,source_truncated_21,1.8967593575780484e-06,1.9001292770326472e-06,2.755360810624552e-06,0,0,1420,4580,3153,List_1_stim_8/male_8/freq_bins/100-310,List_1_stim_8/male_8/freq_bins/100-310
binaural,8,trigger1,male_8,List_1_stim_8,ignore,328-684,failed_numeric_check,31090,31069,31069,31069,source_truncated_21,1.9014845946685455e-06,1.9061741198811433e-06,2.536156088694952e-06,0,0,1455,4515,3283,List_1_stim_8/male_8/freq_bins/328-684,List_1_stim_8/male_8/freq_bins/328-684
binaural,8,trigger1,male_8,List_1_stim_8,ignore,715-1317,failed_numeric_check,31090,31069,31069,31069,source_truncated_21,1.9009125509228397e-06,1.905694716697326e-06,2.658618882378505e-06,0,0,1479,4441,3795,List_1_stim_8/male_8/freq_bins/715-1317,List_1_stim_8/male_8/freq_bins/715-1317
binaural,8,trigger1,male_8,List_1_stim_8,ignore,1369-2390,failed_numeric_check,31090,31069,31069,31069,source_truncated_21,1.9064438632199199e-06,1.9063183245293658e-06,2.684808904973579e-06,0,0,1551,4815,3464,List_1_stim_8/male_8/freq_bins/1369-2390,List_1_stim_8/male_8/freq_bins/1369-2390
binaural,8,trigger1,male_8,List_1_stim_8,ignore,2478-4207,failed_numeric_check,31090,31069,31069,31069,source_truncated_21,1.8907969305814731e-06,1.8994792867488286e-06,2.319465103539642e-06,0,0,1631,4908,2985,List_1_stim_8/male_8/freq_bins/2478-4207,List_1_stim_8/male_8/freq_bins/2478-4207
binaural,8,trigger1,male_8,List_1_stim_8,ignore,4356-7285,failed_numeric_check,31090,31069,31069,31069,source_truncated_21,1.9060197189446626e-06,1.9056327147382035e-06,2.561175946880212e-06,0,0,1820,4187,3346,List_1_stim_8/male_8/freq_bins/4356-7285,List_1_stim_8/male_8/freq_bins/4356-7285
binaural,8,trigger1,male_8,List_1_stim_8,ignore,7537-12498,failed_numeric_check,31090,31069,31069,31069,source_truncated_21,1.904466650159975e-06,1.9025371571501637e-06,2.573115253312608e-06,0,0,1438,4774,3410,List_1_stim_8/male_8/freq_bins/7537-12498,List_1_stim_8/male_8/freq_bins/7537-12498
binaural,8,trigger1,male_8,List_1_stim_8,ignore,12924-21328,failed_numeric_check,31090,31069,31069,31069,source_truncated_21,1.8120196045856574e-06,1.8958924385970022e-06,2.1303064698940943e-06,0,0,1230,5032,3424,List_1_stim_8/male_8/freq_bins/12924-21328,List_1_stim_8/male_8/freq_bins/12924-21328
binaural,8,trigger2,male_8,List_2_stim_8,attend,100-310,failed_numeric_check,31090,31092,31092,31092,source_padded_2,1.860104269724161e-06,1.9066576868453922e-06,2.59452689022055e-06,0,0,1375,4901,3000,List_2_stim_8/male_8/freq_bins/100-310,List_2_stim_8/male_8/freq_bins/100-310
binaural,8,trigger2,male_8,List_2_stim_8,attend,328-684,failed_numeric_check,31090,31092,31092,31092,source_padded_2,1.8766901845879147e-06,1.9040844136952728e-06,2.7645093894079764e-06,0,0,1374,4858,3115,List_2_stim_8/male_8/freq_bins/328-684,List_2_stim_8/male_8/freq_bins/328-684
binaural,8,trigger2,male_8,List_2_stim_8,attend,715-1317,failed_numeric_check,31090,31092,31092,31092,source_padded_2,1.9009125509228397e-06,1.905694716697326e-06,2.4101794764419537e-06,0,0,1379,4592,3715,List_2_stim_8/male_8/freq_bins/715-1317,List_2_stim_8/male_8/freq_bins/715-1317
binaural,8,trigger2,male_8,List_2_stim_8,attend,1369-2390,failed_numeric_check,31090,31092,31092,31092,source_padded_2,1.8774027523704717e-06,1.8952636651192734e-06,2.738181798633832e-06,0,0,1461,5094,3283,List_2_stim_8/male_8/freq_bins/1369-2390,List_2_stim_8/male_8/freq_bins/1369-2390
binaural,8,trigger2,male_8,List_2_stim_8,attend,2478-4207,failed_numeric_check,31090,31092,31092,31092,source_padded_2,1.8742014589179234e-06,1.8786797326697524e-06,2.424612937090842e-06,0,0,1552,5149,2736,List_2_stim_8/male_8/freq_bins/2478-4207,List_2_stim_8/male_8/freq_bins/2478-4207
binaural,8,trigger2,male_8,List_2_stim_8,attend,4356-7285,failed_numeric_check,31090,31092,31092,31092,source_padded_2,1.903717901541313e-06,1.8992040224929951e-06,2.3355961999982355e-06,0,0,1774,4561,3156,List_2_stim_8/male_8/freq_bins/4356-7285,List_2_stim_8/male_8/freq_bins/4356-7285
binaural,8,trigger2,male_8,List_2_stim_8,attend,7537-12498,failed_numeric_check,31090,31092,31092,31092,source_padded_2,1.9054133275631102e-06,1.899363056168113e-06,2.2400056991500605e-06,0,0,1348,4942,3238,List_2_stim_8/male_8/freq_bins/7537-12498,List_2_stim_8/male_8/freq_bins/7537-12498
binaural,8,trigger2,male_8,List_2_stim_8,attend,12924-21328,failed_numeric_check,31090,31092,31092,31092,source_padded_2,1.3817740978083748e-06,1.8720006167427528e-06,2.070354113925532e-06,0,0,1123,5154,3317,List_2_stim_8/male_8/freq_bins/12924-21328,List_2_stim_8/male_8/freq_bins/12924-21328
binaural,8,trigger2,female_8,List_2_stim_8,ignore,100-310,failed_numeric_check,31068,31092,31092,31092,source_padded_24,1.880231586426362e-06,1.9056514446447181e-06,1.984484626404992e-06,0,0,1662,5297,2474,List_2_stim_8/female_8/freq_bins/100-310,List_2_stim_8/female_8/freq_bins/100-310
binaural,8,trigger2,female_8,List_2_stim_8,ignore,328-684,failed_numeric_check,31068,31092,31092,31092,source_padded_24,1.8872293381377858e-06,1.900939558652226e-06,2.1673454781989676e-06,0,0,1593,5275,2778,List_2_stim_8/female_8/freq_bins/328-684,List_2_stim_8/female_8/freq_bins/328-684
binaural,8,trigger2,female_8,List_2_stim_8,ignore,715-1317,failed_numeric_check,31068,31092,31092,31092,source_padded_24,1.9005179154873986e-06,1.9045510413207012e-06,2.806048456704957e-06,0,0,1588,5127,2834,List_2_stim_8/female_8/freq_bins/715-1317,List_2_stim_8/female_8/freq_bins/715-1317
binaural,8,trigger2,female_8,List_2_stim_8,ignore,1369-2390,failed_numeric_check,31068,31092,31092,31092,source_padded_24,1.9032294318321874e-06,1.8972837878550308e-06,2.66307078788941e-06,0,0,1632,5005,2800,List_2_stim_8/female_8/freq_bins/1369-2390,List_2_stim_8/female_8/freq_bins/1369-2390
binaural,8,trigger2,female_8,List_2_stim_8,ignore,2478-4207,failed_numeric_check,31068,31092,31092,31092,source_padded_24,2.4833710057237113e-06,1.8695457413286931e-06,2.4833710057237113e-06,0,0,1737,5362,2316,List_2_stim_8/female_8/freq_bins/2478-4207,List_2_stim_8/female_8/freq_bins/2478-4207
binaural,8,trigger2,female_8,List_2_stim_8,ignore,4356-7285,failed_numeric_check,31068,31092,31092,31092,source_padded_24,1.9069322192422078e-06,1.9063159513166283e-06,2.4808992549196773e-06,0,0,1473,5445,2612,List_2_stim_8/female_8/freq_bins/4356-7285,List_2_stim_8/female_8/freq_bins/4356-7285
binaural,8,trigger2,female_8,List_2_stim_8,ignore,7537-12498,failed_numeric_check,31068,31092,31092,31092,source_padded_24,1.9072457959623534e-06,1.8981485325753056e-06,2.2418219671749284e-06,0,0,1614,4959,3232,List_2_stim_8/female_8/freq_bins/7537-12498,List_2_stim_8/female_8/freq_bins/7537-12498
binaural,8,trigger2,female_8,List_2_stim_8,ignore,12924-21328,failed_numeric_check,31068,31092,31092,31092,source_padded_24,1.8387107658668356e-06,9.483187568548601e-07,1.6403639904183365e-06,0,0,2326,4163,3365,List_2_stim_8/female_8/freq_bins/12924-21328,List_2_stim_8/female_8/freq_bins/12924-21328
dichotic,9,trigger1,female_9,List_1_stim_9,attend,100-310,failed_numeric_check,32269,32269,32269,32269,same_length,1.8302731987773768e-06,1.8830086503385246e-06,2.141025078117309e-06,0,0,1614,5810,2335,List_1_stim_9/female_9/freq_bins/100-310,List_1_stim_9/female_9/freq_bins/100-310
dichotic,9,trigger1,female_9,List_1_stim_9,attend,328-684,failed_numeric_check,32269,32269,32269,32269,same_length,1.9052765907190405e-06,1.851075474235131e-06,2.052257514151279e-06,0,0,1533,6069,2580,List_1_stim_9/female_9/freq_bins/328-684,List_1_stim_9/female_9/freq_bins/328-684
dichotic,9,trigger1,female_9,List_1_stim_9,attend,715-1317,failed_numeric_check,32269,32269,32269,32269,same_length,1.8951449689552646e-06,1.905258699252954e-06,2.4526189008611254e-06,0,0,1664,5792,2696,List_1_stim_9/female_9/freq_bins/715-1317,List_1_stim_9/female_9/freq_bins/715-1317
dichotic,9,trigger1,female_9,List_1_stim_9,attend,1369-2390,failed_numeric_check,32269,32269,32269,32269,same_length,1.9001392388418026e-06,1.9064406515667542e-06,2.5196542736694028e-06,0,0,1677,5401,2761,List_1_stim_9/female_9/freq_bins/1369-2390,List_1_stim_9/female_9/freq_bins/1369-2390
dichotic,9,trigger1,female_9,List_1_stim_9,attend,2478-4207,failed_numeric_check,32269,32269,32269,32269,same_length,1.900398167720141e-06,1.9013044010307567e-06,3.2580077800048457e-06,0,0,1779,5345,2652,List_1_stim_9/female_9/freq_bins/2478-4207,List_1_stim_9/female_9/freq_bins/2478-4207
dichotic,9,trigger1,female_9,List_1_stim_9,attend,4356-7285,failed_numeric_check,32269,32269,32269,32269,same_length,1.9057523914511876e-06,3.278311368148934e-06,3.4064877070250077e-06,0,0,1554,5491,2925,List_1_stim_9/female_9/freq_bins/4356-7285,List_1_stim_9/female_9/freq_bins/4356-7285
dichotic,9,trigger1,female_9,List_1_stim_9,attend,7537-12498,failed_numeric_check,32269,32269,32269,32269,same_length,1.9065722582922717e-06,1.8840045399315386e-06,2.3760195730915257e-06,0,0,1658,4940,3250,List_1_stim_9/female_9/freq_bins/7537-12498,List_1_stim_9/female_9/freq_bins/7537-12498
dichotic,9,trigger1,female_9,List_1_stim_9,attend,12924-21328,failed_numeric_check,32269,32269,32269,32269,same_length,1.81982726132901e-06,9.47064876299919e-07,1.81982726132901e-06,0,0,2560,4068,3582,List_1_stim_9/female_9/freq_bins/12924-21328,List_1_stim_9/female_9/freq_bins/12924-21328
dichotic,9,trigger1,male_9,List_1_stim_9,ignore,100-310,failed_numeric_check,31803,32269,32269,32269,source_padded_466,1.8022847640963846e-06,1.9041300234334813e-06,2.8241762919378743e-06,0,0,1493,5140,2786,List_1_stim_9/male_9/freq_bins/100-310,List_1_stim_9/male_9/freq_bins/100-310
dichotic,9,trigger1,male_9,List_1_stim_9,ignore,328-684,failed_numeric_check,31803,32269,32269,32269,source_padded_466,1.8966787109775396e-06,1.9001498117177107e-06,2.548866127938254e-06,0,0,1443,5184,2887,List_1_stim_9/male_9/freq_bins/328-684,List_1_stim_9/male_9/freq_bins/328-684
dichotic,9,trigger1,male_9,List_1_stim_9,ignore,715-1317,failed_numeric_check,31803,32269,32269,32269,source_padded_466,1.883140214431478e-06,1.8975515203578652e-06,2.81025383941369e-06,0,0,1374,5387,3078,List_1_stim_9/male_9/freq_bins/715-1317,List_1_stim_9/male_9/freq_bins/715-1317
dichotic,9,trigger1,male_9,List_1_stim_9,ignore,1369-2390,failed_numeric_check,31803,32269,32269,32269,source_padded_466,1.86599790197306e-06,1.903065715680441e-06,2.0372698088522156e-06,0,0,1405,5262,3372,List_1_stim_9/male_9/freq_bins/1369-2390,List_1_stim_9/male_9/freq_bins/1369-2390
dichotic,9,trigger1,male_9,List_1_stim_9,ignore,2478-4207,failed_numeric_check,31803,32269,32269,32269,source_padded_466,1.8847115583753293e-06,1.9032281102226989e-06,2.2721902581679387e-06,0,0,1603,4921,3300,List_1_stim_9/male_9/freq_bins/2478-4207,List_1_stim_9/male_9/freq_bins/2478-4207
dichotic,9,trigger1,male_9,List_1_stim_9,ignore,4356-7285,failed_numeric_check,31803,32269,32269,32269,source_padded_466,1.9068402821176278e-06,1.9044904462361956e-06,2.4487047483034985e-06,0,0,1846,4440,3419,List_1_stim_9/male_9/freq_bins/4356-7285,List_1_stim_9/male_9/freq_bins/4356-7285
dichotic,9,trigger1,male_9,List_1_stim_9,ignore,7537-12498,failed_numeric_check,31803,32269,32269,32269,source_padded_466,1.9025975106501392e-06,1.9052028150667866e-06,2.435672712408632e-06,0,0,1481,4930,3221,List_1_stim_9/male_9/freq_bins/7537-12498,List_1_stim_9/male_9/freq_bins/7537-12498
dichotic,9,trigger1,male_9,List_1_stim_9,ignore,12924-21328,failed_numeric_check,31803,32269,32269,32269,source_padded_466,9.539673229141954e-07,1.8931196805738182e-06,2.0450022262252787e-06,0,0,1012,5454,3492,List_1_stim_9/male_9/freq_bins/12924-21328,List_1_stim_9/male_9/freq_bins/12924-21328
dichotic,9,trigger2,male_9,List_2_stim_9,attend,100-310,failed_numeric_check,31803,31803,31803,31803,same_length,1.9028316273761448e-06,1.8913542021437024e-06,2.584091681967493e-06,0,0,1475,5532,2414,List_2_stim_9/male_9/freq_bins/100-310,List_2_stim_9/male_9/freq_bins/100-310
dichotic,9,trigger2,male_9,List_2_stim_9,attend,328-684,failed_numeric_check,31803,31803,31803,31803,same_length,1.896866287154353e-06,1.9039039713675265e-06,2.7268389146684058e-06,0,0,1404,5693,2583,List_2_stim_9/male_9/freq_bins/328-684,List_2_stim_9/male_9/freq_bins/328-684
dichotic,9,trigger2,male_9,List_2_stim_9,attend,715-1317,failed_numeric_check,31803,31803,31803,31803,same_length,1.8720244412406828e-06,1.9070703700663216e-06,2.2419201499701558e-06,0,0,1319,5903,2666,List_2_stim_9/male_9/freq_bins/715-1317,List_2_stim_9/male_9/freq_bins/715-1317
dichotic,9,trigger2,male_9,List_2_stim_9,attend,1369-2390,failed_numeric_check,31803,31803,31803,31803,same_length,1.884975183941151e-06,1.8906216538994158e-06,2.7061860805588367e-06,0,0,1345,5869,2830,List_2_stim_9/male_9/freq_bins/1369-2390,List_2_stim_9/male_9/freq_bins/1369-2390
dichotic,9,trigger2,male_9,List_2_stim_9,attend,2478-4207,failed_numeric_check,31803,31803,31803,31803,same_length,1.8847997225179824e-06,1.904943303543405e-06,2.2125248619886406e-06,0,0,1540,5623,2710,List_2_stim_9/male_9/freq_bins/2478-4207,List_2_stim_9/male_9/freq_bins/2478-4207
dichotic,9,trigger2,male_9,List_2_stim_9,attend,4356-7285,failed_numeric_check,31803,31803,31803,31803,same_length,1.9045046784071928e-06,1.9016804344573757e-06,2.3148812715589884e-06,0,0,1806,4851,3024,List_2_stim_9/male_9/freq_bins/4356-7285,List_2_stim_9/male_9/freq_bins/4356-7285
dichotic,9,trigger2,male_9,List_2_stim_9,attend,7537-12498,failed_numeric_check,31803,31803,31803,31803,same_length,1.9067063519173644e-06,1.89508369885516e-06,2.2996139321662667e-06,0,0,1439,5371,2873,List_2_stim_9/male_9/freq_bins/7537-12498,List_2_stim_9/male_9/freq_bins/7537-12498
dichotic,9,trigger2,male_9,List_2_stim_9,attend,12924-21328,failed_numeric_check,31803,31803,31803,31803,same_length,9.502955329310225e-07,1.9033870941598252e-06,1.9662656072227946e-06,0,0,957,6014,3033,List_2_stim_9/male_9/freq_bins/12924-21328,List_2_stim_9/male_9/freq_bins/12924-21328
dichotic,9,trigger2,female_9,List_2_stim_9,ignore,100-310,failed_numeric_check,32269,31803,31803,31803,source_truncated_466,1.8187407420100499e-06,1.8161172619102217e-06,2.0115392729280757e-06,0,0,1658,5551,2413,List_2_stim_9/female_9/freq_bins/100-310,List_2_stim_9/female_9/freq_bins/100-310
dichotic,9,trigger2,female_9,List_2_stim_9,ignore,328-684,failed_numeric_check,32269,31803,31803,31803,source_truncated_466,1.88301549286507e-06,1.8891474979909617e-06,2.3615796749254514e-06,0,0,1578,5708,2667,List_2_stim_9/female_9/freq_bins/328-684,List_2_stim_9/female_9/freq_bins/328-684
dichotic,9,trigger2,female_9,List_2_stim_9,ignore,715-1317,failed_numeric_check,32269,31803,31803,31803,source_truncated_466,1.9041627723481724e-06,1.8973253119725086e-06,2.76394549558745e-06,0,0,1699,5577,2711,List_2_stim_9/female_9/freq_bins/715-1317,List_2_stim_9/female_9/freq_bins/715-1317
dichotic,9,trigger2,female_9,List_2_stim_9,ignore,1369-2390,failed_numeric_check,32269,31803,31803,31803,source_truncated_466,1.886494182201659e-06,1.9013484049423823e-06,2.5279181770088144e-06,0,0,1723,5284,2767,List_2_stim_9/female_9/freq_bins/1369-2390,List_2_stim_9/female_9/freq_bins/1369-2390
dichotic,9,trigger2,female_9,List_2_stim_9,ignore,2478-4207,failed_numeric_check,32269,31803,31803,31803,source_truncated_466,1.902823129285025e-06,1.8987588035201952e-06,2.750328192746565e-06,0,0,1819,5239,2603,List_2_stim_9/female_9/freq_bins/2478-4207,List_2_stim_9/female_9/freq_bins/2478-4207
dichotic,9,trigger2,female_9,List_2_stim_9,ignore,4356-7285,failed_numeric_check,32269,31803,31803,31803,source_truncated_466,2.500052815435083e-06,1.9047048454012838e-06,2.676165820503229e-06,0,0,1621,5344,2923,List_2_stim_9/female_9/freq_bins/4356-7285,List_2_stim_9/female_9/freq_bins/4356-7285
dichotic,9,trigger2,female_9,List_2_stim_9,ignore,7537-12498,failed_numeric_check,32269,31803,31803,31803,source_truncated_466,1.904158033028125e-06,1.9020840298367148e-06,2.585074042826818e-06,0,0,1754,4759,3287,List_2_stim_9/female_9/freq_bins/7537-12498,List_2_stim_9/female_9/freq_bins/7537-12498
dichotic,9,trigger2,female_9,List_2_stim_9,ignore,12924-21328,failed_numeric_check,32269,31803,31803,31803,source_truncated_466,1.81982726132901e-06,1.4547589870517186e-06,1.81982726132901e-06,0,0,2553,4110,3584,List_2_stim_9/female_9/freq_bins/12924-21328,List_2_stim_9/female_9/freq_bins/12924-21328
diotic,10,trigger1,female_10,List_1_stim_10,attend,100-310,failed_numeric_check,30622,30622,30622,30622,same_length,1.8408906967692928e-06,1.891079733695733e-06,1.9297133704299085e-06,0,0,1560,5407,2420,List_1_stim_10/female_10/freq_bins/100-310,List_1_stim_10/female_10/freq_bins/100-310
diotic,10,trigger1,female_10,List_1_stim_10,attend,328-684,failed_numeric_check,30622,30622,30622,30622,same_length,1.8894753068821046e-06,1.896565002823536e-06,2.5811246899820617e-06,0,0,1458,5476,2656,List_1_stim_10/female_10/freq_bins/328-684,List_1_stim_10/female_10/freq_bins/328-684
diotic,10,trigger1,female_10,List_1_stim_10,attend,715-1317,failed_numeric_check,30622,30622,30622,30622,same_length,1.9026849997771933e-06,1.902392490649163e-06,2.524947447568593e-06,0,0,1572,5285,2721,List_1_stim_10/female_10/freq_bins/715-1317,List_1_stim_10/female_10/freq_bins/715-1317
diotic,10,trigger1,female_10,List_1_stim_10,attend,1369-2390,failed_numeric_check,30622,30622,30622,30622,same_length,1.8890877058197475e-06,1.8974205246991005e-06,2.4045302566833016e-06,0,0,1707,5104,2821,List_1_stim_10/female_10/freq_bins/1369-2390,List_1_stim_10/female_10/freq_bins/1369-2390
diotic,10,trigger1,female_10,List_1_stim_10,attend,2478-4207,failed_numeric_check,30622,30622,30622,30622,same_length,3.4526746617302706e-06,1.8951706124425982e-06,3.439209862676762e-06,0,0,1741,5083,2754,List_1_stim_10/female_10/freq_bins/2478-4207,List_1_stim_10/female_10/freq_bins/2478-4207
diotic,10,trigger1,female_10,List_1_stim_10,attend,4356-7285,failed_numeric_check,30622,30622,30622,30622,same_length,3.41075087817444e-06,1.9070850356683877e-06,3.428251304171681e-06,0,0,1521,5062,2895,List_1_stim_10/female_10/freq_bins/4356-7285,List_1_stim_10/female_10/freq_bins/4356-7285
diotic,10,trigger1,female_10,List_1_stim_10,attend,7537-12498,failed_numeric_check,30622,30622,30622,30622,same_length,1.9008118528063278e-06,1.9072281673970792e-06,2.7262955768492247e-06,0,0,1551,4753,3192,List_1_stim_10/female_10/freq_bins/7537-12498,List_1_stim_10/female_10/freq_bins/7537-12498
diotic,10,trigger1,female_10,List_1_stim_10,attend,12924-21328,failed_numeric_check,30622,30622,30622,30622,same_length,1.8823384166921642e-06,9.488323513551222e-07,1.8843609765895053e-06,0,0,2307,3935,3511,List_1_stim_10/female_10/freq_bins/12924-21328,List_1_stim_10/female_10/freq_bins/12924-21328
diotic,10,trigger1,male_10,List_1_stim_10,ignore,100-310,failed_numeric_check,30946,30622,30622,30622,source_truncated_324,1.8185362549161255e-06,1.905633538967777e-06,2.6239621675472335e-06,0,0,1425,4935,2551,List_1_stim_10/male_10/freq_bins/100-310,List_1_stim_10/male_10/freq_bins/100-310
diotic,10,trigger1,male_10,List_1_stim_10,ignore,328-684,failed_numeric_check,30946,30622,30622,30622,source_truncated_324,1.9073265207225631e-06,1.9005092681823044e-06,2.348797188744811e-06,0,0,1389,5131,2712,List_1_stim_10/male_10/freq_bins/328-684,List_1_stim_10/male_10/freq_bins/328-684
diotic,10,trigger1,male_10,List_1_stim_10,ignore,715-1317,failed_numeric_check,30946,30622,30622,30622,source_truncated_324,1.8943483084399304e-06,1.9068075260975093e-06,2.485159967591244e-06,0,0,1295,5355,2950,List_1_stim_10/male_10/freq_bins/715-1317,List_1_stim_10/male_10/freq_bins/715-1317
diotic,10,trigger1,male_10,List_1_stim_10,ignore,1369-2390,failed_numeric_check,30946,30622,30622,30622,source_truncated_324,1.8923646010193806e-06,1.8706762290321421e-06,2.3072281436498088e-06,0,0,1282,5430,2911,List_1_stim_10/male_10/freq_bins/1369-2390,List_1_stim_10/male_10/freq_bins/1369-2390
diotic,10,trigger1,male_10,List_1_stim_10,ignore,2478-4207,failed_numeric_check,30946,30622,30622,30622,source_truncated_324,1.8522124420883301e-06,1.9003366062975147e-06,2.37047967033277e-06,0,0,1485,5245,3014,List_1_stim_10/male_10/freq_bins/2478-4207,List_1_stim_10/male_10/freq_bins/2478-4207
diotic,10,trigger1,male_10,List_1_stim_10,ignore,4356-7285,failed_numeric_check,30946,30622,30622,30622,source_truncated_324,2.591154128595008e-06,1.9054824349495902e-06,2.583349683504821e-06,0,0,1618,4594,2982,List_1_stim_10/male_10/freq_bins/4356-7285,List_1_stim_10/male_10/freq_bins/4356-7285
diotic,10,trigger1,male_10,List_1_stim_10,ignore,7537-12498,failed_numeric_check,30946,30622,30622,30622,source_truncated_324,1.8959496088655214e-06,1.8926316016631972e-06,2.3398756994197356e-06,0,0,1450,5048,3061,List_1_stim_10/male_10/freq_bins/7537-12498,List_1_stim_10/male_10/freq_bins/7537-12498
diotic,10,trigger1,male_10,List_1_stim_10,ignore,12924-21328,failed_numeric_check,30946,30622,30622,30622,source_truncated_324,1.233940061240446e-06,1.9064375038624348e-06,2.102350045163348e-06,0,0,967,5508,3313,List_1_stim_10/male_10/freq_bins/12924-21328,List_1_stim_10/male_10/freq_bins/12924-21328
diotic,10,trigger2,male_10,List_2_stim_10,attend,100-310,failed_numeric_check,30946,30946,30946,30946,same_length,1.804427839147138e-06,1.9036723131193867e-06,2.510935829036498e-06,0,0,1401,5094,2536,List_2_stim_10/male_10/freq_bins/100-310,List_2_stim_10/male_10/freq_bins/100-310
diotic,10,trigger2,male_10,List_2_stim_10,attend,328-684,failed_numeric_check,30946,30946,30946,30946,same_length,1.8715164031846143e-06,1.883207296771161e-06,2.608229280554042e-06,0,0,1353,5340,2728,List_2_stim_10/male_10/freq_bins/328-684,List_2_stim_10/male_10/freq_bins/328-684
diotic,10,trigger2,male_10,List_2_stim_10,attend,715-1317,failed_numeric_check,30946,30946,30946,30946,same_length,1.8676922195481893e-06,1.8918208866125497e-06,2.6246638498150787e-06,0,0,1262,5500,2914,List_2_stim_10/male_10/freq_bins/715-1317,List_2_stim_10/male_10/freq_bins/715-1317
diotic,10,trigger2,male_10,List_2_stim_10,attend,1369-2390,failed_numeric_check,30946,30946,30946,30946,same_length,1.871024920774289e-06,1.8979632869786656e-06,2.4215376868141902e-06,0,0,1243,5730,2882,List_2_stim_10/male_10/freq_bins/1369-2390,List_2_stim_10/male_10/freq_bins/1369-2390
diotic,10,trigger2,male_10,List_2_stim_10,attend,2478-4207,failed_numeric_check,30946,30946,30946,30946,same_length,1.8830814525472306e-06,1.8991795442957482e-06,2.5920881938645834e-06,0,0,1462,5247,3026,List_2_stim_10/male_10/freq_bins/2478-4207,List_2_stim_10/male_10/freq_bins/2478-4207
diotic,10,trigger2,male_10,List_2_stim_10,attend,4356-7285,failed_numeric_check,30946,30946,30946,30946,same_length,3.6667376406285257e-06,1.9069158270212938e-06,3.7802010410814546e-06,0,0,1610,4724,3032,List_2_stim_10/male_10/freq_bins/4356-7285,List_2_stim_10/male_10/freq_bins/4356-7285
diotic,10,trigger2,male_10,List_2_stim_10,attend,7537-12498,failed_numeric_check,30946,30946,30946,30946,same_length,1.9070416286126601e-06,1.8967052781704297e-06,2.454875811963575e-06,0,0,1435,5163,3098,List_2_stim_10/male_10/freq_bins/7537-12498,List_2_stim_10/male_10/freq_bins/7537-12498
diotic,10,trigger2,male_10,List_2_stim_10,attend,12924-21328,failed_numeric_check,30946,30946,30946,30946,same_length,9.528917850332164e-07,1.905421271430896e-06,2.1124342310940847e-06,0,0,928,5593,3345,List_2_stim_10/male_10/freq_bins/12924-21328,List_2_stim_10/male_10/freq_bins/12924-21328
diotic,10,trigger2,female_10,List_2_stim_10,ignore,100-310,failed_numeric_check,30622,30946,30946,30946,source_padded_324,1.8549473921325443e-06,1.8912554864414233e-06,1.8896840714432983e-06,0,0,1600,5285,2499,List_2_stim_10/female_10/freq_bins/100-310,List_2_stim_10/female_10/freq_bins/100-310
diotic,10,trigger2,female_10,List_2_stim_10,ignore,328-684,failed_numeric_check,30622,30946,30946,30946,source_padded_324,1.8894753068821046e-06,1.9054104498650304e-06,2.5811246899820617e-06,0,0,1491,5361,2756,List_2_stim_10/female_10/freq_bins/328-684,List_2_stim_10/female_10/freq_bins/328-684
diotic,10,trigger2,female_10,List_2_stim_10,ignore,715-1317,failed_numeric_check,30622,30946,30946,30946,source_padded_324,1.8845837388425934e-06,1.9018114656432772e-06,2.3617608633230702e-06,0,0,1605,5128,2796,List_2_stim_10/female_10/freq_bins/715-1317,List_2_stim_10/female_10/freq_bins/715-1317
diotic,10,trigger2,female_10,List_2_stim_10,ignore,1369-2390,failed_numeric_check,30622,30946,30946,30946,source_padded_324,1.8935109267204098e-06,1.872261947255538e-06,2.4045302566833016e-06,0,0,1737,5053,2895,List_2_stim_10/female_10/freq_bins/1369-2390,List_2_stim_10/female_10/freq_bins/1369-2390
diotic,10,trigger2,female_10,List_2_stim_10,ignore,2478-4207,failed_numeric_check,30622,30946,30946,30946,source_padded_324,1.8976920443947165e-06,1.9019216495053115e-06,2.305767800692138e-06,0,0,1787,4924,2917,List_2_stim_10/female_10/freq_bins/2478-4207,List_2_stim_10/female_10/freq_bins/2478-4207
diotic,10,trigger2,female_10,List_2_stim_10,ignore,4356-7285,failed_numeric_check,30622,30946,30946,30946,source_padded_324,3.5058729395132104e-06,1.905869211782374e-06,3.912795051519424e-06,0,0,1562,4927,3036,List_2_stim_10/female_10/freq_bins/4356-7285,List_2_stim_10/female_10/freq_bins/4356-7285
diotic,10,trigger2,female_10,List_2_stim_10,ignore,7537-12498,failed_numeric_check,30622,30946,30946,30946,source_padded_324,1.9071555641403393e-06,1.8981613081336945e-06,2.4583041025039165e-06,0,0,1593,4621,3261,List_2_stim_10/female_10/freq_bins/7537-12498,List_2_stim_10/female_10/freq_bins/7537-12498
diotic,10,trigger2,female_10,List_2_stim_10,ignore,12924-21328,failed_numeric_check,30622,30946,30946,30946,source_padded_324,1.6880639108762807e-06,9.520068573465323e-07,1.6932881479192474e-06,0,0,2356,3768,3524,List_2_stim_10/female_10/freq_bins/12924-21328,List_2_stim_10/female_10/freq_bins/12924-21328
binaural,11,trigger1,female_11,List_1_stim_11,attend,100-310,failed_numeric_check,32179,32181,32181,32181,source_padded_2,1.8979403222374458e-06,1.8996247916902576e-06,2.235649390058825e-06,0,0,1788,5168,2898,List_1_stim_11/female_11/freq_bins/100-310,List_1_stim_11/female_11/freq_bins/100-310
binaural,11,trigger1,female_11,List_1_stim_11,attend,328-684,failed_numeric_check,32179,32181,32181,32181,source_padded_2,1.8959629599635264e-06,1.8695451515782224e-06,2.3727885718471953e-06,0,0,1691,5292,3143,List_1_stim_11/female_11/freq_bins/328-684,List_1_stim_11/female_11/freq_bins/328-684
binaural,11,trigger1,female_11,List_1_stim_11,attend,715-1317,failed_numeric_check,32179,32181,32181,32181,source_padded_2,1.8863631368049028e-06,1.904783196948756e-06,2.739694338060872e-06,0,0,1908,5073,3111,List_1_stim_11/female_11/freq_bins/715-1317,List_1_stim_11/female_11/freq_bins/715-1317
binaural,11,trigger1,female_11,List_1_stim_11,attend,1369-2390,failed_numeric_check,32179,32181,32181,32181,source_padded_2,1.900529490228564e-06,1.8808753310395332e-06,2.321617813549892e-06,0,0,2018,4824,3052,List_1_stim_11/female_11/freq_bins/1369-2390,List_1_stim_11/female_11/freq_bins/1369-2390
binaural,11,trigger1,female_11,List_1_stim_11,attend,2478-4207,failed_numeric_check,32179,32181,32181,32181,source_padded_2,1.8933753835881362e-06,1.8868600122345924e-06,2.4311901327678243e-06,0,0,1891,5515,2536,List_1_stim_11/female_11/freq_bins/2478-4207,List_1_stim_11/female_11/freq_bins/2478-4207
binaural,11,trigger1,female_11,List_1_stim_11,attend,4356-7285,failed_numeric_check,32179,32181,32181,32181,source_padded_2,1.9042882897224445e-06,1.907037095350006e-06,2.817889964035203e-06,0,0,1561,5333,2789,List_1_stim_11/female_11/freq_bins/4356-7285,List_1_stim_11/female_11/freq_bins/4356-7285
binaural,11,trigger1,female_11,List_1_stim_11,attend,7537-12498,failed_numeric_check,32179,32181,32181,32181,source_padded_2,1.9038176688468411e-06,1.8934956429461636e-06,2.495934580792891e-06,0,0,1752,4820,3462,List_1_stim_11/female_11/freq_bins/7537-12498,List_1_stim_11/female_11/freq_bins/7537-12498
binaural,11,trigger1,female_11,List_1_stim_11,attend,12924-21328,failed_numeric_check,32179,32181,32181,32181,source_padded_2,1.8817496396650313e-06,1.4243092749666175e-06,1.87165707643544e-06,0,0,2528,4269,3409,List_1_stim_11/female_11/freq_bins/12924-21328,List_1_stim_11/female_11/freq_bins/12924-21328
binaural,11,trigger1,male_11,List_1_stim_11,ignore,100-310,failed_numeric_check,32136,32181,32181,32181,source_padded_45,1.8968098416394241e-06,1.9072178929491201e-06,2.7182576616269216e-06,0,0,1455,5397,2870,List_1_stim_11/male_11/freq_bins/100-310,List_1_stim_11/male_11/freq_bins/100-310
binaural,11,trigger1,male_11,List_1_stim_11,ignore,328-684,failed_numeric_check,32136,32181,32181,32181,source_padded_45,2.461460908875779e-06,1.902817267307455e-06,2.7331568830391006e-06,0,0,1471,5274,3037,List_1_stim_11/male_11/freq_bins/328-684,List_1_stim_11/male_11/freq_bins/328-684
binaural,11,trigger1,male_11,List_1_stim_11,ignore,715-1317,failed_numeric_check,32136,32181,32181,32181,source_padded_45,1.9068782322051447e-06,1.8936035957040076e-06,2.2490802749075556e-06,0,0,1351,5189,3615,List_1_stim_11/male_11/freq_bins/715-1317,List_1_stim_11/male_11/freq_bins/715-1317
binaural,11,trigger1,male_11,List_1_stim_11,ignore,1369-2390,failed_numeric_check,32136,32181,32181,32181,source_padded_45,1.8735507012479502e-06,1.9061202252146359e-06,2.5459554251483496e-06,0,0,1329,5831,3109,List_1_stim_11/male_11/freq_bins/1369-2390,List_1_stim_11/male_11/freq_bins/1369-2390
binaural,11,trigger1,male_11,List_1_stim_11,ignore,2478-4207,failed_numeric_check,32136,32181,32181,32181,source_padded_45,1.9069923453685078e-06,1.8975272979560032e-06,2.1724372274434245e-06,0,0,1725,5525,2635,List_1_stim_11/male_11/freq_bins/2478-4207,List_1_stim_11/male_11/freq_bins/2478-4207
binaural,11,trigger1,male_11,List_1_stim_11,ignore,4356-7285,failed_numeric_check,32136,32181,32181,32181,source_padded_45,1.9071028702910553e-06,1.9063726668377967e-06,2.2726840001041637e-06,0,0,2023,4812,2984,List_1_stim_11/male_11/freq_bins/4356-7285,List_1_stim_11/male_11/freq_bins/4356-7285
binaural,11,trigger1,male_11,List_1_stim_11,ignore,7537-12498,failed_numeric_check,32136,32181,32181,32181,source_padded_45,1.9053099435950571e-06,1.9047483164058576e-06,2.4735804515785276e-06,0,0,1577,5364,2885,List_1_stim_11/male_11/freq_bins/7537-12498,List_1_stim_11/male_11/freq_bins/7537-12498
binaural,11,trigger1,male_11,List_1_stim_11,ignore,12924-21328,failed_numeric_check,32136,32181,32181,32181,source_padded_45,1.7215964618344515e-06,1.8972873832012738e-06,1.9380270117608234e-06,0,0,1141,5907,3046,List_1_stim_11/male_11/freq_bins/12924-21328,List_1_stim_11/male_11/freq_bins/12924-21328
binaural,11,trigger2,male_11,List_2_stim_11,attend,100-310,failed_numeric_check,32136,32138,32138,32138,source_padded_2,1.8768261895729665e-06,1.8658465990029072e-06,2.717755997139193e-06,0,0,1386,5166,3117,List_2_stim_11/male_11/freq_bins/100-310,List_2_stim_11/male_11/freq_bins/100-310
binaural,11,trigger2,male_11,List_2_stim_11,attend,328-684,failed_numeric_check,32136,32138,32138,32138,source_padded_2,1.8916675301738906e-06,1.905989563510957e-06,2.6309082201692036e-06,0,0,1382,5069,3307,List_2_stim_11/male_11/freq_bins/328-684,List_2_stim_11/male_11/freq_bins/328-684
binaural,11,trigger2,male_11,List_2_stim_11,attend,715-1317,failed_numeric_check,32136,32138,32138,32138,source_padded_2,1.9038503893398229e-06,1.9062297198502165e-06,2.105964242105074e-06,0,0,1301,4909,3893,List_2_stim_11/male_11/freq_bins/715-1317,List_2_stim_11/male_11/freq_bins/715-1317
binaural,11,trigger2,male_11,List_2_stim_11,attend,1369-2390,failed_numeric_check,32136,32138,32138,32138,source_padded_2,1.8844703220111114e-06,1.9052802713304118e-06,2.4523092179151718e-06,0,0,1214,5534,3311,List_2_stim_11/male_11/freq_bins/1369-2390,List_2_stim_11/male_11/freq_bins/1369-2390
binaural,11,trigger2,male_11,List_2_stim_11,attend,2478-4207,failed_numeric_check,32136,32138,32138,32138,source_padded_2,1.877810881012465e-06,1.9032480054193002e-06,2.5426621022006657e-06,0,0,1622,5275,2926,List_2_stim_11/male_11/freq_bins/2478-4207,List_2_stim_11/male_11/freq_bins/2478-4207
binaural,11,trigger2,male_11,List_2_stim_11,attend,4356-7285,failed_numeric_check,32136,32138,32138,32138,source_padded_2,1.906157066855485e-06,1.8963192403020912e-06,2.5945817583306052e-06,0,0,1956,4727,3249,List_2_stim_11/male_11/freq_bins/4356-7285,List_2_stim_11/male_11/freq_bins/4356-7285
binaural,11,trigger2,male_11,List_2_stim_11,attend,7537-12498,failed_numeric_check,32136,32138,32138,32138,source_padded_2,1.9059025504475358e-06,1.9025710713549415e-06,2.525238102180083e-06,0,0,1538,5042,3147,List_2_stim_11/male_11/freq_bins/7537-12498,List_2_stim_11/male_11/freq_bins/7537-12498
binaural,11,trigger2,male_11,List_2_stim_11,attend,12924-21328,failed_numeric_check,32136,32138,32138,32138,source_padded_2,1.6162349609771809e-06,1.9065274301510726e-06,1.947354640208232e-06,0,0,1240,5277,3514,List_2_stim_11/male_11/freq_bins/12924-21328,List_2_stim_11/male_11/freq_bins/12924-21328
binaural,11,trigger2,female_11,List_2_stim_11,ignore,100-310,failed_numeric_check,32179,32138,32138,32138,source_truncated_41,1.9073353030307771e-06,1.8778880530589959e-06,2.2773772556661243e-06,0,0,1666,5434,2646,List_2_stim_11/female_11/freq_bins/100-310,List_2_stim_11/female_11/freq_bins/100-310
binaural,11,trigger2,female_11,List_2_stim_11,ignore,328-684,failed_numeric_check,32179,32138,32138,32138,source_truncated_41,1.8917535271611996e-06,1.8964933445886345e-06,2.3727885718471953e-06,0,0,1575,5674,2992,List_2_stim_11/female_11/freq_bins/328-684,List_2_stim_11/female_11/freq_bins/328-684
binaural,11,trigger2,female_11,List_2_stim_11,ignore,715-1317,failed_numeric_check,32179,32138,32138,32138,source_truncated_41,1.906884534719211e-06,1.905638981725133e-06,2.739694338060872e-06,0,0,1785,5179,3107,List_2_stim_11/female_11/freq_bins/715-1317,List_2_stim_11/female_11/freq_bins/715-1317
binaural,11,trigger2,female_11,List_2_stim_11,ignore,1369-2390,failed_numeric_check,32179,32138,32138,32138,source_truncated_41,1.900529490228564e-06,1.8824913183834724e-06,2.1508191210273253e-06,0,0,1939,4864,3073,List_2_stim_11/female_11/freq_bins/1369-2390,List_2_stim_11/female_11/freq_bins/1369-2390
binaural,11,trigger2,female_11,List_2_stim_11,ignore,2478-4207,failed_numeric_check,32179,32138,32138,32138,source_truncated_41,1.9061718816715256e-06,1.907238612375295e-06,3.0264244230693294e-06,0,0,1781,5514,2440,List_2_stim_11/female_11/freq_bins/2478-4207,List_2_stim_11/female_11/freq_bins/2478-4207
binaural,11,trigger2,female_11,List_2_stim_11,ignore,4356-7285,failed_numeric_check,32179,32138,32138,32138,source_truncated_41,1.9050260604558389e-06,1.8961386629712251e-06,3.4294131694423413e-06,0,0,1385,5690,2633,List_2_stim_11/female_11/freq_bins/4356-7285,List_2_stim_11/female_11/freq_bins/4356-7285
binaural,11,trigger2,female_11,List_2_stim_11,ignore,7537-12498,failed_numeric_check,32179,32138,32138,32138,source_truncated_41,1.9063522600504257e-06,1.8957782117468014e-06,2.23099787888259e-06,0,0,1678,5077,3257,List_2_stim_11/female_11/freq_bins/7537-12498,List_2_stim_11/female_11/freq_bins/7537-12498
binaural,11,trigger2,female_11,List_2_stim_11,ignore,12924-21328,failed_numeric_check,32179,32138,32138,32138,source_truncated_41,1.87165707643544e-06,9.470871695782535e-07,1.87165707643544e-06,0,0,2520,4089,3428,List_2_stim_11/female_11/freq_bins/12924-21328,List_2_stim_11/female_11/freq_bins/12924-21328
dichotic,12,trigger1,female_12,List_1_stim_12,attend,100-310,failed_numeric_check,31475,31475,31475,31475,same_length,1.8630550187026529e-06,1.8797381216018039e-06,2.1771818765614626e-06,0,0,1638,5322,2419,List_1_stim_12/female_12/freq_bins/100-310,List_1_stim_12/female_12/freq_bins/100-310
dichotic,12,trigger1,female_12,List_1_stim_12,attend,328-684,failed_numeric_check,31475,31475,31475,31475,same_length,1.9059817262245815e-06,1.895910415328217e-06,2.2743616980847037e-06,0,0,1627,5406,2709,List_1_stim_12/female_12/freq_bins/328-684,List_1_stim_12/female_12/freq_bins/328-684
dichotic,12,trigger1,female_12,List_1_stim_12,attend,715-1317,failed_numeric_check,31475,31475,31475,31475,same_length,1.8973095521346295e-06,1.9007170806162321e-06,2.7391583046210144e-06,0,0,1602,5608,2636,List_1_stim_12/female_12/freq_bins/715-1317,List_1_stim_12/female_12/freq_bins/715-1317
dichotic,12,trigger1,female_12,List_1_stim_12,attend,1369-2390,failed_numeric_check,31475,31475,31475,31475,same_length,1.8666699830305333e-06,1.8426716152930567e-06,1.9878128725281385e-06,0,0,1925,5178,2826,List_1_stim_12/female_12/freq_bins/1369-2390,List_1_stim_12/female_12/freq_bins/1369-2390
dichotic,12,trigger1,female_12,List_1_stim_12,attend,2478-4207,failed_numeric_check,31475,31475,31475,31475,same_length,1.9010119700624273e-06,1.8968903390259584e-06,2.1673648475939444e-06,0,0,1614,5582,2632,List_1_stim_12/female_12/freq_bins/2478-4207,List_1_stim_12/female_12/freq_bins/2478-4207
dichotic,12,trigger1,female_12,List_1_stim_12,attend,4356-7285,failed_numeric_check,31475,31475,31475,31475,same_length,1.90474820271902e-06,1.9050328887715295e-06,2.7158122719583844e-06,0,0,1514,5304,2820,List_1_stim_12/female_12/freq_bins/4356-7285,List_1_stim_12/female_12/freq_bins/4356-7285
dichotic,12,trigger1,female_12,List_1_stim_12,attend,7537-12498,failed_numeric_check,31475,31475,31475,31475,same_length,1.9036886200751724e-06,1.8878967935620494e-06,2.302223883532406e-06,0,0,1578,5120,3161,List_1_stim_12/female_12/freq_bins/7537-12498,List_1_stim_12/female_12/freq_bins/7537-12498
dichotic,12,trigger1,female_12,List_1_stim_12,attend,12924-21328,failed_numeric_check,31475,31475,31475,31475,same_length,1.7232316125159741e-06,1.4131581949072825e-06,1.7261724494233022e-06,0,0,2245,4230,3334,List_1_stim_12/female_12/freq_bins/12924-21328,List_1_stim_12/female_12/freq_bins/12924-21328
dichotic,12,trigger1,male_12,List_1_stim_12,ignore,100-310,failed_numeric_check,31660,31475,31475,31475,source_truncated_185,1.9062733613850469e-06,1.897198551148449e-06,2.3331268295123664e-06,0,0,1464,5126,2725,List_1_stim_12/male_12/freq_bins/100-310,List_1_stim_12/male_12/freq_bins/100-310
dichotic,12,trigger1,male_12,List_1_stim_12,ignore,328-684,failed_numeric_check,31660,31475,31475,31475,source_truncated_185,1.9032697693432965e-06,1.9018706112206019e-06,2.5421430365213382e-06,0,0,1349,5470,2862,List_1_stim_12/male_12/freq_bins/328-684,List_1_stim_12/male_12/freq_bins/328-684
dichotic,12,trigger1,male_12,List_1_stim_12,ignore,715-1317,failed_numeric_check,31660,31475,31475,31475,source_truncated_185,1.9068985182002507e-06,1.8726595740758967e-06,2.543122903375661e-06,0,0,1591,5181,3022,List_1_stim_12/male_12/freq_bins/715-1317,List_1_stim_12/male_12/freq_bins/715-1317
dichotic,12,trigger1,male_12,List_1_stim_12,ignore,1369-2390,failed_numeric_check,31660,31475,31475,31475,source_truncated_185,1.9029735653930402e-06,1.8968564603483173e-06,2.4569631733584174e-06,0,0,1375,5479,3028,List_1_stim_12/male_12/freq_bins/1369-2390,List_1_stim_12/male_12/freq_bins/1369-2390
dichotic,12,trigger1,male_12,List_1_stim_12,ignore,2478-4207,failed_numeric_check,31660,31475,31475,31475,source_truncated_185,2.9557726293205633e-06,1.9009517941981358e-06,2.9643184973338066e-06,0,0,1703,5007,3054,List_1_stim_12/male_12/freq_bins/2478-4207,List_1_stim_12/male_12/freq_bins/2478-4207
dichotic,12,trigger1,male_12,List_1_stim_12,ignore,4356-7285,failed_numeric_check,31660,31475,31475,31475,source_truncated_185,1.9012300995768783e-06,3.2311137090346165e-06,3.000803502573035e-06,0,0,1808,4570,3206,List_1_stim_12/male_12/freq_bins/4356-7285,List_1_stim_12/male_12/freq_bins/4356-7285
dichotic,12,trigger1,male_12,List_1_stim_12,ignore,7537-12498,failed_numeric_check,31660,31475,31475,31475,source_truncated_185,1.9024912916165704e-06,1.9061684639609666e-06,2.820387209112596e-06,0,0,1648,4925,3061,List_1_stim_12/male_12/freq_bins/7537-12498,List_1_stim_12/male_12/freq_bins/7537-12498
dichotic,12,trigger1,male_12,List_1_stim_12,ignore,12924-21328,failed_numeric_check,31660,31475,31475,31475,source_truncated_185,1.736642033733915e-06,1.8888741024625233e-06,1.938599091033666e-06,0,0,1246,5258,3260,List_1_stim_12/male_12/freq_bins/12924-21328,List_1_stim_12/male_12/freq_bins/12924-21328
dichotic,12,trigger2,male_12,List_2_stim_12,attend,100-310,failed_numeric_check,31660,31660,31660,31660,same_length,1.8340510976599944e-06,1.8705537030427877e-06,2.6561624437704268e-06,0,0,1291,5740,2387,List_2_stim_12/male_12/freq_bins/100-310,List_2_stim_12/male_12/freq_bins/100-310
dichotic,12,trigger2,male_12,List_2_stim_12,attend,328-684,failed_numeric_check,31660,31660,31660,31660,same_length,1.8975785280872515e-06,1.8763990539127917e-06,2.215653417181329e-06,0,0,1205,5896,2529,List_2_stim_12/male_12/freq_bins/328-684,List_2_stim_12/male_12/freq_bins/328-684
dichotic,12,trigger2,male_12,List_2_stim_12,attend,715-1317,failed_numeric_check,31660,31660,31660,31660,same_length,1.891840781809151e-06,1.8520414499789695e-06,2.447508762770667e-06,0,0,1443,5632,2676,List_2_stim_12/male_12/freq_bins/715-1317,List_2_stim_12/male_12/freq_bins/715-1317
dichotic,12,trigger2,male_12,List_2_stim_12,attend,1369-2390,failed_numeric_check,31660,31660,31660,31660,same_length,1.9067557559537818e-06,1.9072074337600498e-06,2.5434274562030623e-06,0,0,1223,6163,2547,List_2_stim_12/male_12/freq_bins/1369-2390,List_2_stim_12/male_12/freq_bins/1369-2390
dichotic,12,trigger2,male_12,List_2_stim_12,attend,2478-4207,failed_numeric_check,31660,31660,31660,31660,same_length,2.404446533432747e-06,1.90467135041672e-06,2.4573800061489237e-06,0,0,1559,5412,2773,List_2_stim_12/male_12/freq_bins/2478-4207,List_2_stim_12/male_12/freq_bins/2478-4207
dichotic,12,trigger2,male_12,List_2_stim_12,attend,4356-7285,failed_numeric_check,31660,31660,31660,31660,same_length,1.9065714766952624e-06,1.9038248453284723e-06,2.4356880885534338e-06,0,0,1639,5174,3066,List_2_stim_12/male_12/freq_bins/4356-7285,List_2_stim_12/male_12/freq_bins/4356-7285
dichotic,12,trigger2,male_12,List_2_stim_12,attend,7537-12498,failed_numeric_check,31660,31660,31660,31660,same_length,1.9058080198419702e-06,1.9032231719506854e-06,2.6621465423204427e-06,0,0,1551,5205,2946,List_2_stim_12/male_12/freq_bins/7537-12498,List_2_stim_12/male_12/freq_bins/7537-12498
dichotic,12,trigger2,male_12,List_2_stim_12,attend,12924-21328,failed_numeric_check,31660,31660,31660,31660,same_length,1.513322175128451e-06,1.893134339070457e-06,2.0459081966350823e-06,0,0,1092,5806,3052,List_2_stim_12/male_12/freq_bins/12924-21328,List_2_stim_12/male_12/freq_bins/12924-21328
dichotic,12,trigger2,female_12,List_2_stim_12,ignore,100-310,failed_numeric_check,31475,31660,31660,31660,source_padded_185,1.8389986564670835e-06,1.882424129462379e-06,1.8872961931037935e-06,0,0,1738,4999,2876,List_2_stim_12/female_12/freq_bins/100-310,List_2_stim_12/female_12/freq_bins/100-310
dichotic,12,trigger2,female_12,List_2_stim_12,ignore,328-684,failed_numeric_check,31475,31660,31660,31660,source_padded_185,1.898068447303558e-06,1.8985280263450477e-06,2.295461349888228e-06,0,0,1712,4956,3062,List_2_stim_12/female_12/freq_bins/328-684,List_2_stim_12/female_12/freq_bins/328-684
dichotic,12,trigger2,female_12,List_2_stim_12,ignore,715-1317,failed_numeric_check,31475,31660,31660,31660,source_padded_185,1.8952568296981553e-06,1.8747053758261245e-06,2.7471545109847284e-06,0,0,1726,5060,3209,List_2_stim_12/female_12/freq_bins/715-1317,List_2_stim_12/female_12/freq_bins/715-1317
dichotic,12,trigger2,female_12,List_2_stim_12,ignore,1369-2390,failed_numeric_check,31475,31660,31660,31660,source_padded_185,1.895738442669881e-06,1.9030405695730224e-06,2.20685872420745e-06,0,0,1964,4660,3262,List_2_stim_12/female_12/freq_bins/1369-2390,List_2_stim_12/female_12/freq_bins/1369-2390
dichotic,12,trigger2,female_12,List_2_stim_12,ignore,2478-4207,failed_numeric_check,31475,31660,31660,31660,source_padded_185,1.8869704305757296e-06,1.888593139653949e-06,2.3095717338605937e-06,0,0,1710,4617,3286,List_2_stim_12/female_12/freq_bins/2478-4207,List_2_stim_12/female_12/freq_bins/2478-4207
dichotic,12,trigger2,female_12,List_2_stim_12,ignore,4356-7285,failed_numeric_check,31475,31660,31660,31660,source_padded_185,2.8314913436133793e-06,1.9038248453284723e-06,2.8753810852322204e-06,0,0,1644,4529,3468,List_2_stim_12/female_12/freq_bins/4356-7285,List_2_stim_12/female_12/freq_bins/4356-7285
dichotic,12,trigger2,female_12,List_2_stim_12,ignore,7537-12498,failed_numeric_check,31475,31660,31660,31660,source_padded_185,1.9019632517824903e-06,1.9017913004404363e-06,2.26291840021986e-06,0,0,1678,4511,3651,List_2_stim_12/female_12/freq_bins/7537-12498,List_2_stim_12/female_12/freq_bins/7537-12498
dichotic,12,trigger2,female_12,List_2_stim_12,ignore,12924-21328,failed_numeric_check,31475,31660,31660,31660,source_padded_185,1.8383470461458273e-06,1.6123003803159008e-06,1.8245497770408292e-06,0,0,2303,4092,3419,List_2_stim_12/female_12/freq_bins/12924-21328,List_2_stim_12/female_12/freq_bins/12924-21328
